1699	768	true
1958	768	true
1961	768	true
1969	768	true
1970	768	true
1977	768	true
2012	768	true
2024	768	true
2025	768	true
2030	768	true
2050	768	true
2080	768	true
3394	1536	true
3399	1536	true
3405	1536	true
3412	1536	true
3415	1536	true
3425	1536	true
3428	1536	true
3429	1536	true
3494	1536	true
3496	1536	true
3528	1536	true
3548	1536	true
3557	1536	true
3579	1536	true
3580	1536	true
3589	1536	true
3603	1536	true
3632	1536	true
3645	1536	true
3669	1536	true
3681	1536	true
3682	1536	true
3690	1536	true
3696	1536	true
3698	1536	true
3717	1536	true
3735	1536	true
3750	1536	true
3753	1536	true
3756	1536	true
3757	1536	true
3777	1536	true
3781	1536	true
3818	1536	true
3820	1536	true
3844	1536	true
3845	1536	true
3848	1536	true
3861	1536	true
3862	1536	true
3868	1536	true
3878	1536	true
3884	1536	true
3894	1536	true
3911	1536	true
3913	1536	true
3930	1536	true
3939	1536	true
3940	1536	true
3976	1536	true
3979	1536	true
3980	1536	true
3982	1536	true
3990	1536	true
4002	1536	true
4021	1536	true
4028	1536	true
4042	1536	true
4051	1536	true
4062	1536	true
4085	1536	true
4094	1536	true
4102	1536	true
4110	1536	true
4111	1536	true
4121	1536	true
4128	1536	true
4140	1536	true
4145	1536	true
4147	1536	true
4154	1536	true
4159	1536	true
4168	1536	true
4169	1536	true
4171	1536	true
4178	1536	true
4183	1536	true
4195	1536	true
4234	1536	true
4236	1536	true
4242	1536	true
4243	1536	true
4244	1536	true
4245	1536	true
4247	1536	true
4254	1536	true
4255	1536	true
4268	1536	true
4290	1536	true
4327	1536	true
4330	1536	true
4334	1536	true
4363	1536	true
4392	1536	true
4393	1536	true
4394	1536	true
4399	1536	true
4400	1536	true
4427	1536	true
4461	1536	true
4465	1536	true
5020	2304	true
5472	3072	true
5793	3072	true
5799	3072	true
5832	3072	true
5844	3072	true
5845	3072	true
5849	3072	true
5851	3072	true
5852	3072	true
5860	3072	true
5861	3072	true
5869	3072	true
5878	3072	true
5880	3072	true
5890	3072	true
5927	3072	true
5928	3072	true
5930	3072	true
6041	3072	true
6044	3072	true
6046	3072	true
6047	3072	true
6049	3072	true
6061	3072	true
6062	3072	true
6063	3072	true
6099	3072	true
6100	3072	true
6106	3072	true
6107	3072	true
6108	3072	true
6111	3072	true
6132	3072	true
6138	3072	true
6139	3072	true
6146	3072	true
6160	3072	true
6171	3072	true
6181	3072	true
6216	3072	true
6221	3072	true
6223	3072	true
6250	3072	true
6272	3072	true
6284	3072	true
6288	3072	true
6296	3072	true
6300	3072	true
6304	3072	true
6328	3072	true
6330	3072	true
6341	3072	true
6356	3072	true
6362	3072	true
6383	3072	true
6397	3072	true
6401	3072	true
6402	3072	true
6440	3072	true
6442	3072	true
6443	3072	true
6446	3072	true
6471	3072	true
6481	3072	true
6492	3072	true
6493	3072	true
6528	3072	true
6601	3072	true
6608	3072	true
6621	3072	true
6676	3072	true
6686	3072	true
6691	3072	true
6727	3072	true
6761	3072	true
6769	3072	true
6771	3072	true
6798	3072	true
6805	3072	true
6806	3072	true
6820	3072	true
6835	3072	true
6888	3072	true
6892	3072	true
6895	3072	true
6896	3072	true
6897	3072	true
6898	3072	true
6899	3072	true
6900	3072	true
6902	3072	true
6903	3072	true
6930	3072	true
6932	3072	true
6937	3072	true
6938	3072	true
6943	3072	true
6944	3072	true
6960	3072	true
6961	3072	true
6962	3072	true
6964	3072	true
6967	3072	true
6969	3072	true
6980	3072	true
6982	3072	true
6984	3072	true
6985	3072	true
6986	3072	true
6989	3072	true
6991	3072	true
7014	3072	true
7017	3072	true
7019	3072	true
7028	3072	true
7029	3072	true
7030	3072	true
7031	3072	true
7032	3072	true
7033	3072	true
7035	3072	true
7054	3072	true
7055	3072	true
7056	3072	true
7057	3072	true
7362	4608	true
7423	4608	true
7817	6072	false
8074	6144	true
8207	6144	true
8221	6144	true
8253	6144	true
8254	6144	true
8256	6144	true
8314	6144	true
8359	6144	true
8375	6144	true
8380	6144	true
8381	6144	true
8382	6144	true
8383	6144	true
8387	6144	true
8468	6144	true
8488	6144	true
8503	6144	true
8508	6144	true
8519	6144	true
8520	6144	true
8528	6144	true
8529	6144	true
8530	6144	true
8531	6144	true
8545	6144	true
8546	6144	true
8550	6144	true
8551	6144	true
8554	6144	true
8557	6144	true
8561	6144	true
8565	6144	true
8569	6144	true
8575	6144	true
8578	6144	true
8579	6144	true
8580	6144	true
8581	6144	true
8610	6144	true
8667	6144	true
8732	6144	true
8736	6144	true
8745	6144	true
8789	6144	true
8854	6144	true
8860	6144	true
8902	6144	true
8909	6144	true
8914	6144	true
8996	6144	true
8998	6144	true
9000	6144	true
9005	6144	true
9011	6144	true
9015	6144	true
9016	6144	true
9018	6144	true
9019	6144	true
9022	6144	true
9032	6144	true
9034	6144	true
9035	6144	true
9037	6144	true
9038	6144	true
9043	6144	true
9044	6144	true
9054	6144	true
9067	6144	true
9070	6144	true
9071	6144	true
9079	6144	true
9086	6144	true
9087	6144	true
9092	6144	true
9095	6144	true
9120	6144	true
9122	6144	true
9137	6144	true
9149	6144	true
9158	6144	true
9163	6144	true
9165	6144	true
9168	6144	true
9172	6144	true
9175	6144	true
9183	6144	true
9185	6144	true
9186	6144	true
9187	6144	true
9188	6144	true
9189	6144	true
9207	6144	true
9208	6144	true
9209	6144	true
9220	6144	true
9223	6144	true
9224	6144	true
9225	6144	true
9234	6144	true
9236	6144	true
9248	6144	true
9256	6144	true
9267	6144	true
9288	6144	true
9301	6144	true
9311	6144	true
9317	6144	true
9318	6144	true
9323	6144	true
9324	6144	true
9327	6144	true
9333	6144	true
9338	6144	true
9344	6144	true
9350	6144	true
9359	6144	true
9362	6144	true
9364	6144	true
9372	6144	true
9374	6144	true
9386	6144	true
9387	6144	true
9389	6144	true
9393	6144	true
9397	6144	true
9399	6144	true
9402	6144	true
9405	6144	true
9408	6144	true
9430	6144	true
9431	6144	true
9433	6144	true
9443	6144	true
9444	6144	true
9445	6144	true
9448	6144	true
9450	6144	true
9451	6144	true
9452	6144	true
9453	6144	true
9466	6144	true
9470	6144	true
9471	6144	true
9481	6144	true
9482	6144	true
9483	6144	true
9486	6144	true
9487	6144	true
9488	6144	true
9500	6144	true
9506	6144	true
9518	6144	true
9527	6144	true
9529	6144	true
9535	6144	true
9537	6144	true
9540	6144	true
9541	6144	true
9559	6144	true
9668	7680	false
9770	9216	true
9814	9216	true
9823	9216	true
9940	9216	true
10255	12144	false
10277	12288	true
10338	12288	true
10381	12288	true
10407	12288	true
10412	12288	true
10447	12288	true
10460	12288	true
10472	12288	true
10487	12288	true
10557	12288	true
10560	12288	true
10606	12288	true
10633	12288	true
10634	12288	true
10641	12288	true
10670	12288	true
10689	12288	true
10691	12288	true
10694	12288	true
10697	12288	true
10699	12288	true
10700	12288	true
10747	12288	true
10756	12288	true
10764	12288	true
10766	12288	true
10778	12288	true
10785	12288	true
10859	12288	true
10863	12288	true
10885	12288	true
10901	12288	true
10903	12288	true
10967	12288	true
10991	12288	true
11023	12288	true
11032	12288	true
11048	12288	true
11052	12288	true
11064	12288	true
11086	12288	true
11088	12288	true
11094	12288	true
11099	12288	true
11105	12288	true
11107	12288	true
11124	12288	true
11137	12288	true
11253	12288	true
11264	12288	true
11291	12288	true
11292	12288	true
11293	12288	true
11296	12288	true
11301	12288	true
11302	12288	true
11303	12288	true
11306	12288	true
11309	12288	true
11311	12288	true
11313	12288	true
11316	12288	true
11319	12288	true
11321	12288	true
11322	12288	true
11329	12288	true
11331	12288	true
11341	12288	true
11346	12288	true
11347	12288	true
11356	12288	true
11366	12288	true
11368	12288	true
11369	12288	true
11370	12288	true
11378	12288	true
11395	12288	true
11399	12288	true
11401	12288	true
11402	12288	true
11403	12288	true
11404	12288	true
11411	12288	true
11412	12288	true
11415	12288	true
11418	12288	true
11420	12288	true
11421	12288	true
11422	12288	true
11424	12288	true
11440	12288	true
11465	12288	true
11471	12288	true
11473	12288	true
11478	12288	true
11480	12288	true
11484	12288	true
11485	12288	true
11486	12288	true
11487	12288	true
11489	12288	true
11490	12288	true
11491	12288	true
11492	12288	true
11493	12288	true
11494	12288	true
11496	12288	true
11497	12288	true
11500	12288	true
11502	12288	true
11550	12288	true
11552	12288	true
11555	12288	true
11557	12288	true
11558	12288	true
11562	12288	true
11565	12288	true
11567	12288	true
11575	12288	true
11595	12288	true
11600	12288	true
11601	12288	true
11602	12288	true
11603	12288	true
11604	12288	true
11605	12288	true
11608	12288	true
11610	12288	true
11611	12288	true
11612	12288	true
11613	12288	true
11614	12288	true
11619	12288	true
11620	12288	true
11625	12288	true
11626	12288	true
11628	12288	true
11634	12288	true
11638	12288	true
11639	12288	true
11641	12288	true
11646	12288	true
11647	12288	true
11650	12288	true
11651	12288	true
11654	12288	true
11658	12288	true
11659	12288	true
11666	12288	true
11667	12288	true
11669	12288	true
11678	12288	true
11679	12288	true
11682	12288	true
11685	12288	true
11686	12288	true
11687	12288	true
11692	12288	true
11696	12288	true
11697	12288	true
11702	12288	true
11703	12288	true
11704	12288	true
11705	12288	true
11707	12288	true
11709	12288	true
11716	12288	true
11745	12288	true
11751	12288	true
11759	12288	true
11763	12288	true
11777	12288	true
11779	12288	true
11784	12288	true
11786	12288	true
11787	12288	true
11789	12288	true
11793	12288	true
11798	12288	true
11799	12288	true
11802	12288	true
11805	12288	true
11808	12288	true
11810	12288	true
11811	12288	true
11813	12288	true
11816	12288	true
11819	12288	true
11825	12288	true
11826	12288	true
11830	12288	true
11833	12288	true
11834	12288	true
11838	12288	true
11846	12288	true
11847	12288	true
11856	12288	true
11857	12288	true
11859	12288	true
11866	12288	true
11868	12288	true
11879	12288	true
11880	12288	true
11881	12288	true
11884	12288	true
11889	12288	true
11892	12288	true
11893	12288	true
11894	12288	true
11901	12288	true
11902	12288	true
11904	12288	true
11905	12288	true
11907	12288	true
11908	12288	true
11910	12288	true
11911	12288	true
11912	12288	true
11913	12288	true
11914	12288	true
11915	12288	true
11919	12288	true
11923	12288	true
11927	12288	true
11928	12288	true
11929	12288	true
11930	12288	true
11931	12288	true
11932	12288	true
11934	12288	true
11940	12288	true
11941	12288	true
11943	12288	true
11946	12288	true
11949	12288	true
11953	12288	true
11954	12288	true
11955	12288	true
11956	12288	true
11957	12288	true
11964	12288	true
11965	12288	true
11966	12288	true
11967	12288	true
11976	12288	true
11977	12288	true
11978	12288	true
11979	12288	true
11980	12288	true
11981	12288	true
11988	12288	true
11990	12288	true
11991	12288	true
11992	12288	true
11993	12288	true
12000	12288	true
12002	12288	true
12003	12288	true
12004	12288	true
12006	12288	true
12007	12288	true
12014	12288	true
12022	12288	true
12024	12288	true
12025	12288	true
12030	12288	true
12031	12288	true
12032	12288	true
12033	12288	true
12036	12288	true
12037	12288	true
12038	12288	true
12039	12288	true
12050	12288	true
12051	12288	true
12053	12288	true
12054	12288	true
12055	12288	true
12066	12288	true
12074	12288	true
12105	13824	true
12106	13824	true
12107	13824	true
12109	13824	true
12226	18432	true
12281	18432	true
12283	18432	true
12290	18432	true
12299	18432	true
12310	18432	true
12311	18432	true
12312	18432	true
12319	18432	true
12321	18432	true
12322	18432	true
12323	18432	true
12350	18432	true
12362	18432	true
12367	18432	true
12373	18432	true
12454	18432	true
12463	18432	true
12476	18432	true
12477	18432	true
12478	18432	true
12479	18432	true
12480	18432	true
12481	18432	true
12791	24576	true
12800	24576	true
12801	24576	true
12813	24576	true
12817	24576	true
12833	24576	true
12842	24576	true
12845	24576	true
12858	24576	true
12860	24576	true
12868	24576	true
12876	24576	true
12900	24576	true
12902	24576	true
12908	24576	true
12923	24576	true
12927	24576	true
12929	24576	true
12930	24576	true
12936	24576	true
12944	24576	true
12949	24576	true
12950	24576	true
12954	24576	true
12962	24576	true
12966	24576	true
12969	24576	true
12971	24576	true
12973	24576	true
12976	24576	true
12979	24576	true
12983	24576	true
12987	24576	true
12988	24576	true
12989	24576	true
12990	24576	true
12995	24576	true
13002	24576	true
13007	24576	true
13009	24576	true
13014	24576	true
13024	24576	true
13031	24576	true
13035	24576	true
13039	24576	true
13042	24576	true
13045	24576	true
13048	24576	true
13057	24576	true
13059	24576	true
13065	24576	true
13074	24576	true
13096	24576	true
13100	24576	true
13102	24576	true
13103	24576	true
13104	24576	true
13108	24576	true
13118	24576	true
13119	24576	true
13120	24576	true
13122	24576	true
13125	24576	true
13145	24576	true
13190	24576	true
13193	24576	true
13197	24576	true
13203	24576	true
13237	24576	true
13239	24576	true
13240	24576	true
13241	24576	true
13244	24576	true
13251	24576	true
13253	24576	true
13254	24576	true
13259	24576	true
13260	24576	true
13261	24576	true
13263	24576	true
13264	24576	true
13271	24576	true
13286	24576	true
13288	24576	true
13313	24576	true
13323	24576	true
13325	24576	true
13339	24576	true
13350	24576	true
13357	24576	true
13372	24576	true
13407	24576	true
13408	24576	true
13409	24576	true
13438	24576	true
13442	24576	true
13445	24576	true
13446	24576	true
13448	24576	true
13449	24576	true
13451	24576	true
13452	24576	true
13457	24576	true
13459	24576	true
13460	24576	true
13461	24576	true
13469	24576	true
13470	24576	true
13501	24576	true
13523	24576	true
13528	24576	true
13529	24576	true
13531	24576	true
13535	24576	true
13538	24576	true
13545	24576	true
13546	24576	true
13549	24576	true
13550	24576	true
13558	24576	true
13561	24576	true
13563	24576	true
13617	24576	true
13618	24576	true
13622	24576	true
13643	24576	true
13653	24576	true
13677	24576	true
13742	24576	true
13748	24576	true
13753	24576	true
13754	24576	true
13755	24576	true
13758	24576	true
13759	24576	true
13762	24576	true
13763	24576	true
13766	24576	true
13767	24576	true
13774	24576	true
13775	24576	true
13781	24576	true
13783	24576	true
13785	24576	true
13786	24576	true
13787	24576	true
13788	24576	true
13792	24576	true
13793	24576	true
13797	24576	true
13798	24576	true
13801	24576	true
13806	24576	true
13807	24576	true
13808	24576	true
13809	24576	true
13810	24576	true
13816	24576	true
13819	24576	true
13820	24576	true
13823	24576	true
13827	24576	true
13828	24576	true
13831	24576	true
13832	24576	true
13836	24576	true
13844	24576	true
13873	24576	true
13882	24576	true
13885	24576	true
13890	24576	true
13891	24576	true
13894	24576	true
13897	24576	true
13905	24576	true
13906	24576	true
13914	24576	true
13923	24576	true
13928	24576	true
13931	24576	true
13940	24576	true
13942	24576	true
13944	24576	true
13946	24576	true
13947	24576	true
13976	27648	true
14147	36864	true
14148	36864	true
14219	36864	true
14336	36864	true
14337	36864	true
14338	36864	true
14339	36864	true
14343	36864	true
14352	36864	true
14366	36864	true
14367	36864	true
14373	36864	true
14377	36864	true
14381	36864	true
14384	36864	true
14411	36864	true
14507	36864	true
14510	36864	true
14520	36864	true
14521	36864	true
14522	36864	true
14523	36864	true
14528	36864	true
14576	41472	true
14580	41472	true
14832	49152	true
14836	49152	true
14846	49152	true
14850	49152	true
14872	49152	true
14878	49152	true
14879	49152	true
14883	49152	true
14884	49152	true
14887	49152	true
14890	49152	true
14892	49152	true
14904	49152	true
14906	49152	true
14910	49152	true
14912	49152	true
14913	49152	true
14915	49152	true
14917	49152	true
14920	49152	true
14921	49152	true
14922	49152	true
14924	49152	true
14953	49152	true
14997	49152	true
15001	49152	true
15002	49152	true
15006	49152	true
15012	49152	true
15024	49152	true
15032	49152	true
15048	49152	true
15091	49152	true
15093	49152	true
15094	49152	true
15095	49152	true
15096	49152	true
15099	49152	true
15104	49152	true
15109	49152	true
15111	49152	true
15114	49152	true
15115	49152	true
15120	49152	true
15127	49152	true
15135	49152	true
15136	49152	true
15144	49152	true
15149	49152	true
15152	49152	true
15156	49152	true
15158	49152	true
15170	49152	true
15171	49152	true
15178	49152	true
15180	49152	true
15182	49152	true
15183	49152	true
15184	49152	true
15186	49152	true
15196	49152	true
15198	49152	true
15199	49152	true
15200	49152	true
15203	49152	true
15205	49152	true
15207	49152	true
15208	49152	true
15223	49152	true
15224	49152	true
15234	49152	true
15235	49152	true
15237	49152	true
15251	49152	true
15252	49152	true
15253	49152	true
15254	49152	true
15255	49152	true
15260	49152	true
15264	49152	true
15268	49152	true
15277	49152	true
15280	49152	true
15282	49152	true
15288	49152	true
15295	49152	true
15296	49152	true
15297	49152	true
15299	49152	true
15313	49152	true
15321	49152	true
15326	49152	true
15328	49152	true
15331	49152	true
15333	49152	true
15339	49152	true
15345	49152	true
15347	49152	true
15351	49152	true
15353	49152	true
15359	49152	true
15361	49152	true
15362	49152	true
15368	49152	true
15369	49152	true
15375	49152	true
15377	49152	true
15378	49152	true
15380	49152	true
15381	49152	true
15383	49152	true
15385	49152	true
15386	49152	true
15392	49152	true
15393	49152	true
15398	49152	true
15400	49152	true
15402	49152	true
15403	49152	true
15404	49152	true
15406	49152	true
15408	49152	true
15410	49152	true
15411	49152	true
15413	49152	true
15414	49152	true
15417	49152	true
15418	49152	true
15420	49152	true
15421	49152	true
15426	49152	true
15435	49152	true
15436	49152	true
15437	49152	true
15438	49152	true
15441	49152	true
15443	49152	true
15446	49152	true
15467	49152	true
15476	49152	true
15481	49152	true
15487	49152	true
15488	49152	true
15491	49152	true
15492	49152	true
15510	49152	true
15511	49152	true
15512	49152	true
15515	49152	true
15516	49152	true
15518	49152	true
15519	49152	true
15522	49152	true
15524	49152	true
15526	49152	true
15528	49152	true
15529	49152	true
15531	49152	true
15541	49152	true
15542	49152	true
15543	49152	true
15544	49152	true
15549	49152	true
15550	49152	true
15553	49152	true
15554	49152	true
15573	49152	true
15574	49152	true
15575	49152	true
15580	49152	true
15581	49152	true
15582	49152	true
15584	49152	true
15586	49152	true
15590	49152	true
15592	49152	true
15598	49152	true
15602	49152	true
15616	49152	true
15621	49152	true
15622	49152	true
15628	49152	true
15631	49152	true
15633	49152	true
15636	49152	true
15637	49152	true
15638	49152	true
15640	49152	true
15641	49152	true
15642	49152	true
15651	49152	true
15652	49152	true
15653	49152	true
15659	49152	true
15660	49152	true
15661	49152	true
15662	49152	true
15670	49152	true
15673	49152	true
15674	49152	true
15677	49152	true
15720	49152	true
15758	49152	true
15763	49152	true
15770	49152	true
15771	49152	true
15772	49152	true
15775	49152	true
15776	49152	true
15779	49152	true
15787	49152	true
15845	49152	true
15851	49152	true
15857	49152	true
15863	49152	true
15868	49152	true
15876	49152	true
15880	49152	true
15884	49152	true
15891	49152	true
15892	49152	true
15894	49152	true
15895	49152	true
15896	49152	true
15900	49152	true
15901	49152	true
15902	49152	true
15904	49152	true
15908	49152	true
15910	49152	true
15915	49152	true
15922	49152	true
15923	49152	true
15924	49152	true
15926	49152	true
15927	49152	true
15932	49152	true
15935	49152	true
15937	49152	true
15941	49152	true
15942	49152	true
15944	49152	true
15945	49152	true
15947	49152	true
15956	49152	true
15957	49152	true
15958	49152	true
15959	49152	true
15961	49152	true
15963	49152	true
15964	49152	true
15966	49152	true
15967	49152	true
15969	49152	true
15975	49152	true
15978	49152	true
16003	55296	true
16029	55296	true
16030	55296	true
16152	73728	true
16154	73728	true
16185	73728	true
16188	73728	true
16204	73728	true
16220	73728	true
16222	73728	true
16225	73728	true
16226	73728	true
16245	73728	true
16248	73728	true
16249	73728	true
16251	73728	true
16253	73728	true
16264	73728	true
16265	73728	true
16268	73728	true
16269	73728	true
16291	73728	true
16295	73728	true
16297	73728	true
16300	73728	true
16303	73728	true
16306	73728	true
16307	73728	true
16311	73728	true
16312	73728	true
16313	73728	true
16315	73728	true
16317	73728	true
16321	73728	true
16326	73728	true
16328	73728	true
16329	73728	true
16331	73728	true
16332	73728	true
16335	73728	true
16345	73728	true
16348	73728	true
16352	73728	true
16358	73728	true
16377	73728	true
16378	73728	true
16381	73728	true
16394	73728	true
16395	73728	true
16399	73728	true
16401	73728	true
16428	73728	true
16430	73728	true
16432	73728	true
16433	73728	true
16436	73728	true
16438	73728	true
16446	73728	true
16448	73728	true
16451	73728	true
16456	73728	true
16460	73728	true
16464	73728	true
16468	73728	true
16470	73728	true
16477	73728	true
16480	73728	true
16484	73728	true
16489	73728	true
16492	73728	true
16493	73728	true
16495	73728	true
16497	73728	true
16504	73728	true
16505	73728	true
16506	73728	true
16507	73728	true
16537	73728	true
16538	73728	true
16546	73728	true
16549	73728	true
16567	82944	true
16571	82944	true
16601	82944	true
16603	82944	true
16612	92160	false
16614	92160	false
16615	92160	false
16747	98304	true
16752	98304	true
16827	98304	true
16828	98304	true
16829	98304	true
16848	98304	true
16854	98304	true
16856	98304	true
16857	98304	true
16859	98304	true
16861	98304	true
16862	98304	true
16864	98304	true
16871	98304	true
16902	98304	true
16905	98304	true
16908	98304	true
16910	98304	true
16922	98304	true
16924	98304	true
16932	98304	true
16933	98304	true
16934	98304	true
16935	98304	true
16939	98304	true
16941	98304	true
16949	98304	true
16951	98304	true
16969	98304	true
16974	98304	true
16975	98304	true
16978	98304	true
16979	98304	true
17004	98304	true
17006	98304	true
17008	98304	true
17010	98304	true
17013	98304	true
17039	98304	true
17040	98304	true
17043	98304	true
17049	98304	true
17050	98304	true
17068	98304	true
17104	98304	true
17109	98304	true
17156	98304	true
17225	98304	true
17226	98304	true
17230	98304	true
17231	98304	true
17239	98304	true
17247	98304	true
17250	98304	true
17253	98304	true
17255	98304	true
17259	98304	true
17271	98304	true
17283	98304	true
17284	98304	true
17288	98304	true
17290	98304	true
17292	98304	true
17310	98304	true
17311	98304	true
17313	98304	true
17317	98304	true
17324	98304	true
17326	98304	true
17341	98304	true
17346	98304	true
17348	98304	true
17357	98304	true
17363	98304	true
17364	98304	true
17369	98304	true
17375	98304	true
17381	98304	true
17384	98304	true
17387	98304	true
17399	98304	true
17402	98304	true
17403	98304	true
17417	98304	true
17425	98304	true
17426	98304	true
17434	98304	true
17435	98304	true
17436	98304	true
17438	98304	true
17441	98304	true
17442	98304	true
17443	98304	true
17448	98304	true
17450	98304	true
17451	98304	true
17456	98304	true
17457	98304	true
17458	98304	true
17460	98304	true
17466	98304	true
17468	98304	true
17470	98304	true
17477	98304	true
17478	98304	true
17484	98304	true
17488	98304	true
17489	98304	true
17499	98304	true
17500	98304	true
17503	98304	true
17506	98304	true
17507	98304	true
17514	98304	true
17521	98304	true
17524	98304	true
17525	98304	true
17526	98304	true
17538	98304	true
17543	98304	true
17544	98304	true
17546	98304	true
17558	98304	true
17564	98304	true
17588	98304	true
17597	98304	true
17604	98304	true
17606	98304	true
17609	98304	true
17628	98304	true
17629	98304	true
17635	98304	true
17638	98304	true
17642	98304	true
17645	98304	true
17648	98304	true
17649	98304	true
17652	98304	true
17667	98304	true
17675	98304	true
17684	98304	true
17723	98304	true
17726	98304	true
17734	98304	true
17743	98304	true
17768	98304	true
17769	98304	true
17770	98304	true
17772	98304	true
17774	98304	true
17777	98304	true
17785	98304	true
17798	98304	true
17801	98304	true
17802	98304	true
17879	110592	true
17882	110592	true
17888	110592	true
17893	110592	true
17894	110592	true
17913	110592	true
17914	110592	true
17934	122880	false
18016	147456	true
18019	147456	true
18041	147456	true
18072	147456	true
18129	147456	true
18131	147456	true
18141	147456	true
18143	147456	true
18147	147456	true
18149	147456	true
18153	147456	true
18154	147456	true
18161	147456	true
18162	147456	true
18166	147456	true
18167	147456	true
18175	147456	true
18178	147456	true
18180	147456	true
18187	147456	true
18188	147456	true
18193	147456	true
18208	147456	true
18211	147456	true
18216	147456	true
18219	147456	true
18220	147456	true
18221	147456	true
18263	147456	true
18311	147456	true
18325	147456	true
18327	147456	true
18330	147456	true
18348	147456	true
18349	147456	true
18350	147456	true
18351	147456	true
18352	147456	true
18356	147456	true
18357	147456	true
18358	150528	true
18399	165888	true
18411	165888	true
18441	190080	false
18519	196608	true
18524	196608	true
18585	196608	true
18588	196608	true
18635	196608	true
18636	196608	true
18642	196608	true
18643	196608	true
18644	196608	true
18645	196608	true
18662	196608	true
18663	196608	true
18664	196608	true
18665	196608	true
18666	196608	true
18667	196608	true
18685	196608	true
18697	196608	true
18699	196608	true
18703	196608	true
18705	196608	true
18709	196608	true
18713	196608	true
18719	196608	true
18737	196608	true
18738	196608	true
18739	196608	true
18741	196608	true
18742	196608	true
18744	196608	true
18764	196608	true
18765	196608	true
18768	196608	true
18769	196608	true
18771	196608	true
18773	196608	true
18774	196608	true
18777	196608	true
18779	196608	true
18780	196608	true
18781	196608	true
18786	196608	true
18790	196608	true
18791	196608	true
18792	196608	true
18793	196608	true
18798	196608	true
18800	196608	true
18802	196608	true
18804	196608	true
18810	196608	true
18811	196608	true
18812	196608	true
18818	196608	true
18819	196608	true
18820	196608	true
18821	196608	true
18830	196608	true
18832	196608	true
18833	196608	true
18843	196608	true
18861	196608	true
18878	196608	true
18880	196608	true
18881	196608	true
18883	196608	true
18884	196608	true
18885	196608	true
18888	196608	true
18890	196608	true
18897	196608	true
18903	196608	true
18905	196608	true
18906	196608	true
18907	196608	true
18908	196608	true
18916	196608	true
18917	196608	true
18922	196608	true
18923	196608	true
18924	196608	true
18928	196608	true
18930	196608	true
18931	196608	true
18935	196608	true
18941	196608	true
18944	196608	true
18947	196608	true
18954	196608	true
18961	196608	true
18963	196608	true
18964	196608	true
18965	196608	true
18966	196608	true
18967	196608	true
18969	196608	true
18970	196608	true
18972	196608	true
18974	196608	true
18975	196608	true
18977	196608	true
18982	196608	true
18983	196608	true
18984	196608	true
18985	196608	true
18990	196608	true
18997	196608	true
19000	196608	true
19003	196608	true
19005	196608	true
19007	196608	true
19008	196608	true
19009	196608	true
19015	196608	true
19018	196608	true
19020	196608	true
19022	196608	true
19023	196608	true
19024	196608	true
19025	196608	true
19171	221184	true
19174	221184	true
19189	221184	true
19191	221184	true
19193	221184	true
19195	221184	true
19197	221184	true
19199	221184	true
19205	221184	true
19207	221184	true
19209	221184	true
19211	221184	true
19223	221184	true
19225	221184	true
19226	221184	true
19227	221184	true
19231	221184	true
19252	245760	false
19255	245760	false
19257	245760	false
19268	245760	false
19320	294912	true
19321	294912	true
19324	294912	true
19327	294912	true
19363	294912	true
19364	294912	true
19366	294912	true
19367	294912	true
19368	294912	true
19371	294912	true
19372	294912	true
19392	294912	true
19395	294912	true
19404	294912	true
19405	294912	true
19406	294912	true
19407	294912	true
19408	294912	true
19409	294912	true
19411	294912	true
19412	294912	true
19413	294912	true
19416	294912	true
19418	294912	true
19420	294912	true
19422	294912	true
19426	294912	true
19427	294912	true
19430	294912	true
19435	294912	true
19436	294912	true
19438	294912	true
19439	294912	true
19440	294912	true
19441	294912	true
19442	294912	true
19446	294912	true
19454	294912	true
19458	294912	true
19499	294912	true
19502	294912	true
19530	331776	true
19535	331776	true
19536	331776	true
19539	331776	true
19540	331776	true
19543	331776	true
19544	331776	true
19546	331776	true
19548	331776	true
19549	331776	true
19551	331776	true
19565	331776	true
19569	331776	true
19608	331776	true
19610	331776	true
19686	393216	true
19721	393216	true
19723	393216	true
19727	393216	true
19754	393216	true
19762	393216	true
19764	393216	true
19771	393216	true
19803	393216	true
19804	393216	true
19806	393216	true
19807	393216	true
19836	393216	true
19843	393216	true
19847	393216	true
19859	393216	true
19861	393216	true
19865	393216	true
19870	393216	true
19875	393216	true
19876	393216	true
19877	393216	true
19878	393216	true
19881	393216	true
19895	393216	true
19896	393216	true
19897	393216	true
19898	393216	true
19899	393216	true
19900	393216	true
19901	393216	true
19910	393216	true
19912	393216	true
19913	393216	true
19914	393216	true
19919	393216	true
19929	393216	true
19938	393216	true
19940	393216	true
19945	393216	true
19946	393216	true
19949	393216	true
19950	393216	true
19960	393216	true
19964	393216	true
19967	393216	true
19971	393216	true
19975	393216	true
19979	393216	true
19980	393216	true
19984	393216	true
19990	393216	true
19991	393216	true
19995	393216	true
19996	393216	true
19997	393216	true
19998	393216	true
20003	393216	true
20005	393216	true
20006	393216	true
20009	393216	true
20014	393216	true
20015	393216	true
20016	393216	true
20021	393216	true
20024	393216	true
20030	393216	true
20031	393216	true
20036	393216	true
20037	393216	true
20040	393216	true
20041	393216	true
20043	393216	true
20051	393216	true
20052	393216	true
20053	393216	true
20056	393216	true
20057	393216	true
20059	393216	true
20060	393216	true
20070	393216	true
20071	393216	true
20072	393216	true
20074	393216	true
20079	393216	true
20081	393216	true
20084	393216	true
20091	393216	true
20094	393216	true
20314	442368	true
20316	442368	true
20324	442368	true
20335	442368	true
20336	442368	true
20337	442368	true
20340	442368	true
20341	442368	true
20348	442368	true
20362	442368	true
20365	442368	true
20367	451584	true
20413	518400	false
20414	518400	false
20415	518400	false
20465	589824	true
20479	589824	true
20484	589824	true
20491	589824	true
20532	663552	true
20534	663552	true
20540	663552	true
20541	663552	true
20543	663552	true
20545	663552	true
20552	663552	true
20562	663552	true
20563	663552	true
20564	663552	true
20566	663552	true
20568	663552	true
20571	663552	true
20572	663552	true
20573	663552	true
20574	663552	true
20577	663552	true
20579	663552	true
20581	663552	true
20584	663552	true
20597	663552	true
20598	663552	true
20599	663552	true
20603	663552	true
20605	663552	true
20606	663552	true
20610	663552	true
20611	663552	true
20613	663552	true
20614	663552	true
20616	663552	true
20619	663552	true
20625	663552	true
20627	663552	true
20628	663552	true
20629	663552	true
20676	663552	true
20686	663552	true
20705	737280	false
20711	737280	false
20757	786432	true
20768	786432	true
20814	786432	true
20842	786432	true
20855	786432	true
20858	786432	true
20863	786432	true
20864	786432	true
20865	786432	true
20866	786432	true
20872	786432	true
20897	786432	true
20898	786432	true
20902	786432	true
20909	786432	true
20915	786432	true
20920	786432	true
20923	786432	true
20925	786432	true
20932	786432	true
20935	786432	true
20940	786432	true
20945	786432	true
20946	786432	true
20949	786432	true
20953	786432	true
20954	786432	true
20955	786432	true
20956	786432	true
20966	786432	true
20968	786432	true
20972	786432	true
20974	786432	true
20977	786432	true
20978	786432	true
20979	786432	true
20981	786432	true
20982	786432	true
21001	786432	true
21002	786432	true
21003	786432	true
21004	786432	true
21006	786432	true
21007	786432	true
21008	786432	true
21015	786432	true
21022	786432	true
21033	786432	true
21045	786432	true
21047	786432	true
21048	786432	true
21052	786432	true
21057	786432	true
21061	786432	true
21064	786432	true
21371	884736	true
21373	884736	true
21375	884736	true
21377	884736	true
21383	884736	true
21384	884736	true
21385	884736	true
21386	884736	true
21388	884736	true
21389	884736	true
21400	884736	true
21404	884736	true
21405	884736	true
21430	1036800	false
21442	1036800	false
21444	1036800	false
21445	1036800	false
21573	1327104	true
21577	1327104	true
21578	1327104	true
21581	1327104	true
21583	1327104	true
21591	1327104	true
21604	1327104	true
21607	1327104	true
21608	1327104	true
21618	1327104	true
21620	1327104	true
21621	1327104	true
21636	1327104	true
21638	1327104	true
21640	1327104	true
21646	1327104	true
21647	1327104	true
21648	1327104	true
21650	1327104	true
21651	1327104	true
21652	1327104	true
21656	1327104	true
21659	1327104	true
21660	1327104	true
21664	1327104	true
21665	1327104	true
21668	1327104	true
21670	1327104	true
21676	1327104	true
21679	1327104	true
21685	1327104	true
21687	1327104	true
21688	1327104	true
21729	1327104	true
21730	1327104	true
21735	1327104	true
21736	1327104	true
21792	1327104	true
21821	1474560	false
21824	1474560	false
21833	1474560	false
21848	1474560	false
21913	1572864	true
21920	1572864	true
21937	1572864	true
21950	1572864	true
21951	1572864	true
21957	1572864	true
21958	1572864	true
21963	1572864	true
22328	1990656	true
22343	2073600	false
22544	2654208	true
22548	2654208	true
22560	2654208	true
22561	2654208	true
22562	2654208	true
22563	2654208	true
22564	2654208	true
22574	2654208	true
22577	2654208	true
22591	2654208	true
22618	2654208	true
22619	2654208	true
22623	2654208	true
22625	2654208	true
22676	2654208	true
22677	2654208	true
22678	2654208	true
22679	2654208	true
22682	2654208	true
22685	2654208	true
22686	2654208	true
22687	2654208	true
22688	2654208	true
22690	2654208	true
22694	2654208	true
22695	2654208	true
22696	2654208	true
22697	2654208	true
22698	2654208	true
22699	2654208	true
22719	2654208	true
22727	2654208	true
22734	2654208	true
22738	2654208	true
22739	2654208	true
22744	2654208	true
22745	2654208	true
22747	2654208	true
22748	2654208	true
22751	2654208	true
22753	2654208	true
22776	2949120	false
22808	3145728	true
23121	3981312	true
23139	3981312	true
23141	3981312	true
23142	3981312	true
23152	3981312	true
23163	3981312	true
23166	3981312	true
23167	3981312	true
23199	4718592	true
23236	4718592	true
23237	4718592	true
23239	4718592	true
23282	5308416	true
23287	5308416	true
23288	5308416	true
23289	5308416	true
23291	5308416	true
23349	5308416	true
23350	5308416	true
23353	5308416	true
23354	5308416	true
23372	5308416	true
23387	5308416	true
23403	5308416	true
23404	5308416	true
23405	5308416	true
23406	5308416	true
23410	5308416	true
23721	7962624	true
23723	7962624	true
23730	7962624	true
23731	7962624	true
23741	7962624	true
23742	7962624	true
23815	10616832	true
23818	10616832	true
23820	10616832	true
23821	10616832	true
23822	10616832	true
23823	10616832	true
23832	10616832	true
23840	10616832	true
23845	10616832	true
23853	10616832	true
23854	10616832	true
23858	10616832	true
23860	10616832	true
23861	10616832	true
23862	11943936	true
23863	11943936	true
23864	11943936	true
23872	11943936	true
23875	11943936	true
23876	11943936	true
23881	11943936	true
24081	15925248	true
24084	15925248	true
24085	15925248	true
24086	15925248	true
24087	15925248	true
24092	15925248	true
24103	17915904	true
24181	21233664	true
24182	21233664	true
24183	21233664	true
24202	23887872	true
24210	23887872	true
24340	35831808	true
24341	35831808	true
24406	42467328	true
24421	47775744	true
24426	47775744	true
24505	71663616	true
24507	71663616	true
24680	244823040	false
