1699	[ 0, 4, 8, 12, 16, 24 ]
1958	[ 0, 2, 8, 16, 24 ]
1961	[ 0, 2, 4, 8, 16, 24 ]
1969	[ 0, 6, 8, 16, 24 ]
1970	[ 0, 6, 8, 16, 24 ]
1977	[ 0, 6, 8, 16, 24 ]
2012	[ 0, 4, 8, 16, 24 ]
2024	[ 0, 4, 8, 16, 24 ]
2025	[ 0, 8, 16, 24 ]
2030	[ 0, 4, 8, 16, 24 ]
2050	[ 0, 8, 16, 24 ]
2080	[ 0, 4, 8, 16, 24 ]
3394	[ 0, 4, 8, 12, 16, 24 ]
3399	[ 0, 4, 8, 12, 16, 24 ]
3405	[ 0, 8, 12, 16, 24 ]
3412	[ 0, 8, 12, 16, 24 ]
3415	[ 0, 4, 8, 12, 16, 24 ]
3425	[ 0, 2, 4, 8, 12, 16, 24 ]
3428	[ 0, 4, 8, 12, 16, 24 ]
3429	[ 0, 4, 8, 12, 16, 24 ]
3494	[ 0, 4, 8, 12, 16, 24 ]
3496	[ 0, 4, 8, 12, 16, 24 ]
3528	[ 0, 4, 8, 12, 16, 24 ]
3548	[ 0, 4, 8, 12, 16, 24 ]
3557	[ 0, 4, 8, 12, 16, 24 ]
3579	[ 0, 4, 8, 12, 16, 24 ]
3580	[ 0, 8, 12, 16, 24 ]
3589	[ 0, 4, 8, 12, 16, 24 ]
3603	[ 0, 4, 8, 12, 16, 24 ]
3632	[ 0, 4, 8, 12, 16, 24 ]
3645	[ 0, 4, 8, 12, 16, 24 ]
3669	[ 0, 4, 8, 12, 16, 24 ]
3681	[ 0, 4, 8, 12, 16, 24 ]
3682	[ 0, 8, 12, 16, 24 ]
3690	[ 0, 4, 8, 12, 16, 24 ]
3696	[ 0, 4, 8, 12, 16, 24 ]
3698	[ 0, 4, 8, 12, 16, 24 ]
3717	[ 0, 4, 8, 12, 16, 24 ]
3735	[ 0, 4, 8, 12, 16, 24 ]
3750	[ 0, 4, 8, 12, 16, 24 ]
3753	[ 0, 4, 8, 12, 16, 24 ]
3756	[ 0, 4, 8, 12, 16, 24 ]
3757	[ 0, 4, 8, 12, 16, 24 ]
3777	[ 0, 4, 8, 12, 16, 24 ]
3781	[ 0, 4, 8, 12, 16, 24 ]
3818	[ 0, 4, 8, 12, 16, 24 ]
3820	[ 0, 4, 8, 12, 16, 24 ]
3844	[ 0, 4, 8, 12, 16, 24 ]
3845	[ 0, 8, 12, 16, 24 ]
3848	[ 0, 4, 8, 12, 16, 24 ]
3861	[ 0, 4, 8, 12, 16, 24 ]
3862	[ 0, 4, 8, 12, 16, 24 ]
3868	[ 0, 4, 8, 12, 16, 24 ]
3878	[ 0, 4, 8, 12, 16, 24 ]
3884	[ 0, 4, 8, 12, 16, 24 ]
3894	[ 0, 4, 8, 12, 16, 24 ]
3911	[ 0, 4, 8, 12, 16, 24 ]
3913	[ 0, 8, 12, 16, 24 ]
3930	[ 0, 4, 8, 12, 16, 24 ]
3939	[ 0, 2, 4, 6, 8, 16, 24 ]
3940	[ 0, 2, 4, 6, 8, 16, 24 ]
3976	[ 0, 4, 8, 16, 24 ]
3979	[ 0, 8, 16, 24 ]
3980	[ 0, 4, 8, 16, 24 ]
3982	[ 0, 4, 8, 16, 24 ]
3990	[ 0, 4, 8, 16, 24 ]
4002	[ 0, 4, 8, 16, 24 ]
4021	[ 0, 4, 8, 16, 24 ]
4028	[ 0, 4, 8, 16, 24 ]
4042	[ 0, 4, 8, 16, 24 ]
4051	[ 0, 4, 8, 16, 24 ]
4062	[ 0, 8, 16, 24 ]
4085	[ 0, 4, 8, 12, 16, 24 ]
4094	[ 0, 4, 8, 12, 16, 24 ]
4102	[ 0, 4, 8, 12, 16, 24 ]
4110	[ 0, 4, 8, 16, 24 ]
4111	[ 0, 4, 8, 16, 24 ]
4121	[ 0, 4, 8, 16, 24 ]
4128	[ 0, 4, 8, 12, 16, 24 ]
4140	[ 0, 4, 8, 12, 16, 24 ]
4145	[ 0, 4, 8, 16, 24 ]
4147	[ 0, 4, 8, 16, 24 ]
4154	[ 0, 4, 8, 16, 24 ]
4159	[ 0, 4, 8, 16, 24 ]
4168	[ 0, 4, 8, 16, 24 ]
4169	[ 0, 4, 8, 16, 24 ]
4171	[ 0, 8, 16, 24 ]
4178	[ 0, 4, 8, 16, 24 ]
4183	[ 0, 4, 8, 16, 24 ]
4195	[ 0, 2, 6, 8, 16, 24 ]
4234	[ 0, 8, 16, 24 ]
4236	[ 0, 8, 16, 24 ]
4242	[ 0, 4, 8, 16, 24 ]
4243	[ 0, 4, 8, 16, 24 ]
4244	[ 0, 8, 16, 24 ]
4245	[ 0, 8, 16, 24 ]
4247	[ 0, 4, 8, 12, 16, 24 ]
4254	[ 0, 4, 8, 16, 24 ]
4255	[ 0, 8, 16, 24 ]
4268	[ 0, 2, 8, 16, 24 ]
4290	[ 0, 4, 8, 16, 24 ]
4327	[ 0, 8, 16, 24 ]
4330	[ 0, 8, 16, 24 ]
4334	[ 0, 4, 8, 16, 24 ]
4363	[ 0, 8, 16, 24 ]
4392	[ 0, 8, 16, 24 ]
4393	[ 0, 4, 8, 12, 16, 24 ]
4394	[ 0, 4, 8, 12, 16, 24 ]
4399	[ 0, 8, 16, 24 ]
4400	[ 0, 4, 8, 12, 16, 24 ]
4427	[ 0, 4, 8, 12, 16, 24 ]
4461	[ 0, 4, 8, 16, 24 ]
4465	[ 0, 4, 8, 16, 24 ]
5020	[ 0, 2, 8, 16, 24 ]
5472	[ 0, 4, 8, 12, 16, 20, 24 ]
5793	[ 0, 2, 4, 8, 16, 24 ]
5799	[ 0, 6, 8, 16, 24 ]
5832	[ 0, 2, 4, 8, 16, 24 ]
5844	[ 0, 4, 8, 12, 16, 24 ]
5845	[ 0, 4, 8, 12, 16, 24 ]
5849	[ 0, 4, 8, 16, 24 ]
5851	[ 0, 4, 8, 16, 24 ]
5852	[ 0, 4, 8, 12, 16, 24 ]
5860	[ 0, 4, 8, 16, 24 ]
5861	[ 0, 4, 8, 12, 16, 24 ]
5869	[ 0, 4, 8, 16, 24 ]
5878	[ 0, 4, 8, 12, 16, 24 ]
5880	[ 0, 4, 8, 16, 24 ]
5890	[ 0, 2, 6, 8, 16, 24 ]
5927	[ 0, 4, 8, 12, 16, 24 ]
5928	[ 0, 4, 8, 12, 16, 24 ]
5930	[ 0, 4, 8, 16, 24 ]
6041	[ 0, 4, 8, 12, 16, 24 ]
6044	[ 0, 2, 4, 8, 12, 16, 24 ]
6046	[ 0, 4, 8, 12, 16, 24 ]
6047	[ 0, 4, 8, 12, 16, 24 ]
6049	[ 0, 4, 8, 12, 16, 24 ]
6061	[ 0, 4, 8, 12, 16, 24 ]
6062	[ 0, 4, 8, 12, 16, 24 ]
6063	[ 0, 4, 8, 12, 16, 24 ]
6099	[ 0, 4, 8, 12, 16, 24 ]
6100	[ 0, 4, 8, 12, 16, 24 ]
6106	[ 0, 4, 8, 12, 16, 24 ]
6107	[ 0, 4, 8, 12, 16, 24 ]
6108	[ 0, 4, 8, 12, 16, 24 ]
6111	[ 0, 4, 8, 12, 16, 24 ]
6132	[ 0, 4, 8, 12, 16, 24 ]
6138	[ 0, 4, 8, 12, 16, 24 ]
6139	[ 0, 4, 8, 12, 16, 24 ]
6146	[ 0, 4, 8, 12, 16, 24 ]
6160	[ 0, 2, 4, 8, 12, 16, 24 ]
6171	[ 0, 2, 4, 8, 12, 16, 24 ]
6181	[ 0, 2, 4, 8, 12, 16, 24 ]
6216	[ 0, 2, 4, 6, 8, 12, 16, 24 ]
6221	[ 0, 4, 8, 12, 16, 24 ]
6223	[ 0, 4, 8, 12, 16, 24 ]
6250	[ 0, 4, 8, 12, 16, 24 ]
6272	[ 0, 8, 12, 16, 24 ]
6284	[ 0, 2, 4, 6, 8, 12, 16, 24 ]
6288	[ 0, 4, 8, 12, 16, 24 ]
6296	[ 0, 4, 8, 12, 16, 24 ]
6300	[ 0, 4, 8, 12, 16, 24 ]
6304	[ 0, 4, 8, 12, 16, 24 ]
6328	[ 0, 4, 8, 12, 16, 24 ]
6330	[ 0, 4, 8, 12, 16, 24 ]
6341	[ 0, 8, 12, 16, 24 ]
6356	[ 0, 4, 6, 8, 12, 16, 24 ]
6362	[ 0, 4, 8, 12, 16, 24 ]
6383	[ 0, 4, 8, 12, 16, 24 ]
6397	[ 0, 4, 8, 12, 16, 24 ]
6401	[ 0, 4, 8, 12, 16, 24 ]
6402	[ 0, 4, 8, 12, 16, 24 ]
6440	[ 0, 4, 8, 12, 16, 24 ]
6442	[ 0, 4, 8, 12, 16, 24 ]
6443	[ 0, 4, 8, 12, 16, 24 ]
6446	[ 0, 4, 8, 12, 16, 24 ]
6471	[ 0, 4, 8, 12, 16, 24 ]
6481	[ 0, 4, 6, 8, 12, 16, 24 ]
6492	[ 0, 4, 8, 12, 16, 24 ]
6493	[ 0, 2, 4, 8, 12, 16, 24 ]
6528	[ 0, 4, 8, 12, 16, 24 ]
6601	[ 0, 2, 4, 8, 12, 16, 24 ]
6608	[ 0, 8, 12, 16, 24 ]
6621	[ 0, 4, 8, 12, 16, 24 ]
6676	[ 0, 4, 8, 12, 16, 24 ]
6686	[ 0, 2, 4, 6, 8, 12, 16, 24 ]
6691	[ 0, 4, 8, 12, 16, 24 ]
6727	[ 0, 4, 8, 12, 16, 24 ]
6761	[ 0, 4, 8, 16, 24 ]
6769	[ 0, 4, 8, 16, 24 ]
6771	[ 0, 4, 8, 16, 24 ]
6798	[ 0, 4, 8, 16, 24 ]
6805	[ 0, 4, 8, 16, 24 ]
6806	[ 0, 4, 8, 16, 24 ]
6820	[ 0, 4, 8, 16, 24 ]
6835	[ 0, 4, 8, 16, 24 ]
6888	[ 0, 6, 8, 16, 24 ]
6892	[ 0, 4, 6, 8, 16, 24 ]
6895	[ 0, 6, 8, 16, 24 ]
6896	[ 0, 4, 6, 8, 16, 24 ]
6897	[ 0, 6, 8, 16, 24 ]
6898	[ 0, 4, 6, 8, 16, 24 ]
6899	[ 0, 6, 8, 16, 24 ]
6900	[ 0, 4, 6, 8, 16, 24 ]
6902	[ 0, 6, 8, 16, 24 ]
6903	[ 0, 6, 8, 16, 24 ]
6930	[ 0, 6, 8, 16, 24 ]
6932	[ 0, 6, 8, 16, 24 ]
6937	[ 0, 4, 8, 12, 16, 24 ]
6938	[ 0, 4, 8, 12, 16, 24 ]
6943	[ 0, 8, 16, 24 ]
6944	[ 0, 8, 16, 24 ]
6960	[ 0, 4, 6, 8, 16, 24 ]
6961	[ 0, 6, 8, 16, 24 ]
6962	[ 0, 6, 8, 16, 24 ]
6964	[ 0, 6, 8, 16, 24 ]
6967	[ 0, 6, 8, 16, 24 ]
6969	[ 0, 4, 8, 16, 24 ]
6980	[ 0, 2, 4, 8, 16, 24 ]
6982	[ 0, 2, 4, 8, 16, 24 ]
6984	[ 0, 2, 4, 8, 16, 24 ]
6985	[ 0, 2, 8, 16, 24 ]
6986	[ 0, 2, 4, 8, 16, 24 ]
6989	[ 0, 2, 4, 8, 16, 24 ]
6991	[ 0, 2, 4, 8, 16, 24 ]
7014	[ 0, 2, 6, 8, 16, 24 ]
7017	[ 0, 6, 8, 16, 24 ]
7019	[ 0, 6, 8, 16, 24 ]
7028	[ 0, 2, 8, 16, 24 ]
7029	[ 0, 2, 8, 16, 24 ]
7030	[ 0, 2, 8, 16, 24 ]
7031	[ 0, 2, 8, 16, 24 ]
7032	[ 0, 2, 8, 16, 24 ]
7033	[ 0, 2, 4, 8, 16, 24 ]
7035	[ 0, 2, 4, 8, 16, 24 ]
7054	[ 0, 2, 4, 8, 12, 16, 24 ]
7055	[ 0, 2, 4, 8, 12, 16, 24 ]
7056	[ 0, 2, 4, 8, 12, 16, 24 ]
7057	[ 0, 2, 4, 8, 12, 16, 24 ]
7362	[ 0, 4, 8, 12, 16, 20, 24 ]
7423	[ 0, 4, 8, 12, 16, 24 ]
7817	[ 0, 24 ]
8074	[ 0, 4, 8, 12, 16, 20, 24 ]
8207	[ 0, 4, 8, 12, 16, 24 ]
8221	[ 0, 4, 8, 12, 16, 24 ]
8253	[ 0, 4, 8, 12, 16, 24 ]
8254	[ 0, 4, 8, 12, 16, 24 ]
8256	[ 0, 4, 8, 12, 16, 24 ]
8314	[ 0, 4, 8, 12, 16, 24 ]
8359	[ 0, 4, 8, 12, 16, 24 ]
8375	[ 0, 4, 8, 12, 16, 24 ]
8380	[ 0, 4, 8, 12, 16, 24 ]
8381	[ 0, 4, 8, 12, 16, 24 ]
8382	[ 0, 4, 8, 12, 16, 24 ]
8383	[ 0, 4, 8, 12, 16, 24 ]
8387	[ 0, 4, 8, 12, 16, 24 ]
8468	[ 0, 2, 4, 6, 8, 16, 24 ]
8488	[ 0, 4, 8, 12, 16, 24 ]
8503	[ 0, 4, 6, 8, 16, 24 ]
8508	[ 0, 4, 8, 16, 24 ]
8519	[ 0, 4, 8, 12, 16, 24 ]
8520	[ 0, 4, 8, 16, 24 ]
8528	[ 0, 4, 8, 16, 24 ]
8529	[ 0, 4, 8, 12, 16, 24 ]
8530	[ 0, 4, 8, 16, 24 ]
8531	[ 0, 4, 8, 12, 16, 24 ]
8545	[ 0, 4, 8, 12, 16, 24 ]
8546	[ 0, 4, 8, 12, 16, 24 ]
8550	[ 0, 4, 8, 12, 16, 24 ]
8551	[ 0, 4, 8, 12, 16, 24 ]
8554	[ 0, 4, 8, 12, 16, 24 ]
8557	[ 0, 4, 8, 12, 16, 24 ]
8561	[ 0, 4, 8, 12, 16, 24 ]
8565	[ 0, 4, 8, 12, 16, 24 ]
8569	[ 0, 8, 16, 24 ]
8575	[ 0, 4, 8, 12, 16, 24 ]
8578	[ 0, 2, 6, 8, 16, 24 ]
8579	[ 0, 2, 6, 8, 16, 24 ]
8580	[ 0, 6, 8, 16, 24 ]
8581	[ 0, 6, 8, 16, 24 ]
8610	[ 0, 8, 16, 24 ]
8667	[ 0, 4, 8, 16, 24 ]
8732	[ 0, 8, 16, 24 ]
8736	[ 0, 4, 8, 12, 16, 24 ]
8745	[ 0, 4, 8, 12, 16, 24 ]
8789	[ 0, 4, 8, 16, 24 ]
8854	[ 0, 4, 8, 16, 24 ]
8860	[ 0, 4, 8, 16, 24 ]
8902	[ 0, 4, 8, 12, 16, 24 ]
8909	[ 0, 4, 8, 12, 16, 24 ]
8914	[ 0, 4, 8, 12, 16, 24 ]
8996	[ 0, 4, 8, 12, 16, 24 ]
8998	[ 0, 4, 8, 12, 16, 24 ]
9000	[ 0, 4, 8, 12, 16, 24 ]
9005	[ 0, 4, 8, 12, 16, 24 ]
9011	[ 0, 4, 8, 12, 16, 24 ]
9015	[ 0, 4, 8, 12, 16, 24 ]
9016	[ 0, 4, 8, 12, 16, 24 ]
9018	[ 0, 4, 8, 12, 16, 24 ]
9019	[ 0, 4, 8, 12, 16, 24 ]
9022	[ 0, 4, 8, 12, 16, 24 ]
9032	[ 0, 4, 8, 12, 16, 24 ]
9034	[ 0, 4, 8, 12, 16, 24 ]
9035	[ 0, 4, 8, 12, 16, 24 ]
9037	[ 0, 4, 8, 12, 16, 24 ]
9038	[ 0, 4, 8, 12, 16, 24 ]
9043	[ 0, 4, 8, 12, 16, 24 ]
9044	[ 0, 4, 8, 12, 16, 24 ]
9054	[ 0, 2, 4, 8, 12, 16, 24 ]
9067	[ 0, 4, 8, 12, 16, 24 ]
9070	[ 0, 4, 8, 12, 16, 24 ]
9071	[ 0, 4, 8, 12, 16, 24 ]
9079	[ 0, 2, 4, 8, 12, 16, 24 ]
9086	[ 0, 2, 4, 8, 12, 16, 24 ]
9087	[ 0, 4, 8, 12, 16, 24 ]
9092	[ 0, 4, 8, 12, 16, 24 ]
9095	[ 0, 4, 6, 8, 12, 16, 24 ]
9120	[ 0, 4, 8, 12, 16, 24 ]
9122	[ 0, 4, 8, 12, 16, 24 ]
9137	[ 0, 4, 8, 12, 16, 24 ]
9149	[ 0, 4, 8, 12, 16, 24 ]
9158	[ 0, 4, 8, 12, 16, 24 ]
9163	[ 0, 4, 6, 8, 12, 16, 24 ]
9165	[ 0, 4, 8, 12, 16, 24 ]
9168	[ 0, 4, 8, 12, 16, 24 ]
9172	[ 0, 4, 8, 12, 16, 24 ]
9175	[ 0, 4, 8, 12, 16, 24 ]
9183	[ 0, 2, 4, 6, 8, 12, 16, 24 ]
9185	[ 0, 4, 8, 12, 16, 24 ]
9186	[ 0, 2, 4, 8, 12, 16, 24 ]
9187	[ 0, 4, 8, 12, 16, 24 ]
9188	[ 0, 4, 8, 12, 16, 24 ]
9189	[ 0, 4, 8, 12, 16, 24 ]
9207	[ 0, 4, 8, 12, 16, 24 ]
9208	[ 0, 4, 8, 12, 16, 24 ]
9209	[ 0, 2, 4, 8, 12, 16, 24 ]
9220	[ 0, 4, 8, 12, 16, 24 ]
9223	[ 0, 4, 8, 12, 16, 24 ]
9224	[ 0, 4, 8, 12, 16, 24 ]
9225	[ 0, 2, 4, 8, 12, 16, 24 ]
9234	[ 0, 4, 8, 12, 16, 24 ]
9236	[ 0, 4, 8, 12, 16, 24 ]
9248	[ 0, 2, 4, 8, 12, 16, 24 ]
9256	[ 0, 4, 8, 12, 16, 24 ]
9267	[ 0, 4, 8, 12, 16, 24 ]
9288	[ 0, 4, 8, 12, 16, 24 ]
9301	[ 0, 4, 6, 8, 12, 16, 24 ]
9311	[ 0, 4, 8, 12, 16, 24 ]
9317	[ 0, 4, 6, 8, 12, 16, 24 ]
9318	[ 0, 4, 6, 8, 12, 16, 24 ]
9323	[ 0, 4, 6, 8, 12, 16, 24 ]
9324	[ 0, 4, 6, 8, 12, 16, 24 ]
9327	[ 0, 4, 8, 12, 16, 24 ]
9333	[ 0, 4, 8, 12, 16, 24 ]
9338	[ 0, 4, 8, 12, 16, 24 ]
9344	[ 0, 4, 8, 12, 16, 24 ]
9350	[ 0, 4, 8, 12, 16, 24 ]
9359	[ 0, 4, 8, 12, 16, 24 ]
9362	[ 0, 4, 8, 12, 16, 24 ]
9364	[ 0, 4, 8, 12, 16, 24 ]
9372	[ 0, 2, 8, 12, 16, 24 ]
9374	[ 0, 4, 8, 12, 16, 24 ]
9386	[ 0, 4, 8, 12, 16, 24 ]
9387	[ 0, 4, 8, 12, 16, 24 ]
9389	[ 0, 4, 8, 12, 16, 24 ]
9393	[ 0, 4, 8, 12, 16, 24 ]
9397	[ 0, 4, 8, 12, 16, 24 ]
9399	[ 0, 4, 8, 12, 16, 24 ]
9402	[ 0, 4, 8, 12, 16, 24 ]
9405	[ 0, 4, 8, 12, 16, 24 ]
9408	[ 0, 2, 4, 8, 12, 16, 24 ]
9430	[ 0, 2, 6, 8, 16, 24 ]
9431	[ 0, 2, 4, 6, 8, 16, 24 ]
9433	[ 0, 2, 4, 6, 8, 16, 24 ]
9443	[ 0, 2, 4, 6, 8, 16, 24 ]
9444	[ 0, 2, 6, 8, 16, 24 ]
9445	[ 0, 2, 6, 8, 16, 24 ]
9448	[ 0, 2, 4, 6, 8, 16, 24 ]
9450	[ 0, 2, 4, 6, 8, 16, 24 ]
9451	[ 0, 2, 4, 6, 8, 16, 24 ]
9452	[ 0, 2, 4, 6, 8, 16, 24 ]
9453	[ 0, 2, 4, 6, 8, 16, 24 ]
9466	[ 0, 4, 8, 12, 16, 24 ]
9470	[ 0, 4, 8, 12, 16, 24 ]
9471	[ 0, 4, 8, 12, 16, 24 ]
9481	[ 0, 4, 8, 16, 24 ]
9482	[ 0, 8, 16, 24 ]
9483	[ 0, 4, 8, 16, 24 ]
9486	[ 0, 4, 8, 12, 16, 24 ]
9487	[ 0, 4, 8, 12, 16, 24 ]
9488	[ 0, 4, 8, 12, 16, 24 ]
9500	[ 0, 2, 4, 6, 8, 10, 12, 16, 18, 24 ]
9506	[ 0, 4, 6, 8, 10, 12, 16, 24 ]
9518	[ 0, 4, 8, 12, 16, 24 ]
9527	[ 0, 4, 8, 12, 16, 24 ]
9529	[ 0, 8, 16, 24 ]
9535	[ 0, 4, 8, 12, 16, 24 ]
9537	[ 0, 4, 8, 12, 16, 24 ]
9540	[ 0, 4, 8, 12, 16, 24 ]
9541	[ 0, 4, 8, 12, 16, 24 ]
9559	[ 0, 2, 4, 6, 8, 10, 12, 16, 24 ]
9668	[ 0, 8, 16, 24 ]
9770	[ 0, 2, 4, 8, 12, 16, 20, 24 ]
9814	[ 0, 4, 6, 8, 12, 16, 20, 24 ]
9823	[ 0, 4, 8, 12, 16, 20, 24 ]
9940	[ 0, 4, 8, 12, 16, 24 ]
10255	[ 0, 2, 24 ]
10277	[ 0, 2, 4, 6, 8, 12, 16, 20, 24 ]
10338	[ 0, 2, 4, 8, 12, 16, 20, 24 ]
10381	[ 0, 2, 4, 6, 8, 10, 12, 14, 16, 18, 20, 24 ]
10407	[ 0, 4, 8, 12, 16, 20, 24 ]
10412	[ 0, 4, 8, 12, 16, 20, 24 ]
10447	[ 0, 4, 8, 12, 16, 20, 24 ]
10460	[ 0, 4, 8, 12, 16, 20, 24 ]
10472	[ 0, 4, 8, 12, 16, 20, 24 ]
10487	[ 0, 4, 8, 12, 16, 20, 24 ]
10557	[ 0, 2, 4, 6, 8, 12, 16, 20, 24 ]
10560	[ 0, 2, 4, 6, 8, 12, 16, 20, 24 ]
10606	[ 0, 4, 8, 12, 16, 20, 24 ]
10633	[ 0, 4, 8, 12, 16, 20, 24 ]
10634	[ 0, 4, 8, 12, 16, 20, 24 ]
10641	[ 0, 4, 8, 12, 16, 20, 24 ]
10670	[ 0, 4, 8, 12, 16, 20, 24 ]
10689	[ 0, 4, 8, 12, 16, 20, 24 ]
10691	[ 0, 4, 8, 12, 16, 20, 24 ]
10694	[ 0, 4, 8, 12, 16, 20, 24 ]
10697	[ 0, 4, 8, 12, 16, 20, 24 ]
10699	[ 0, 4, 8, 12, 16, 20, 24 ]
10700	[ 0, 4, 8, 12, 16, 20, 24 ]
10747	[ 0, 4, 8, 12, 16, 20, 24 ]
10756	[ 0, 4, 8, 12, 16, 20, 24 ]
10764	[ 0, 4, 8, 12, 16, 20, 24 ]
10766	[ 0, 4, 8, 12, 16, 20, 24 ]
10778	[ 0, 4, 8, 12, 16, 20, 24 ]
10785	[ 0, 4, 8, 12, 16, 20, 24 ]
10859	[ 0, 4, 8, 12, 16, 20, 24 ]
10863	[ 0, 4, 8, 12, 16, 20, 24 ]
10885	[ 0, 4, 8, 12, 16, 20, 24 ]
10901	[ 0, 4, 8, 12, 16, 20, 24 ]
10903	[ 0, 4, 8, 12, 16, 20, 24 ]
10967	[ 0, 2, 4, 6, 8, 12, 16, 20, 24 ]
10991	[ 0, 2, 4, 8, 12, 16, 20, 24 ]
11023	[ 0, 4, 8, 12, 16, 24 ]
11032	[ 0, 2, 4, 8, 12, 16, 24 ]
11048	[ 0, 4, 8, 12, 16, 24 ]
11052	[ 0, 4, 8, 12, 16, 24 ]
11064	[ 0, 2, 4, 8, 12, 16, 24 ]
11086	[ 0, 4, 8, 12, 16, 24 ]
11088	[ 0, 4, 8, 12, 16, 24 ]
11094	[ 0, 4, 6, 8, 12, 16, 24 ]
11099	[ 0, 2, 4, 8, 12, 16, 24 ]
11105	[ 0, 2, 4, 8, 12, 16, 24 ]
11107	[ 0, 2, 4, 8, 12, 16, 24 ]
11124	[ 0, 2, 4, 6, 8, 10, 12, 16, 24 ]
11137	[ 0, 4, 8, 12, 16, 24 ]
11253	[ 0, 4, 8, 12, 16, 24 ]
11264	[ 0, 4, 8, 12, 16, 24 ]
11291	[ 0, 2, 4, 6, 8, 12, 16, 24 ]
11292	[ 0, 2, 4, 6, 8, 12, 16, 24 ]
11293	[ 0, 2, 4, 6, 8, 12, 16, 24 ]
11296	[ 0, 4, 8, 12, 16, 24 ]
11301	[ 0, 2, 4, 6, 8, 12, 16, 24 ]
11302	[ 0, 2, 4, 6, 8, 12, 16, 24 ]
11303	[ 0, 2, 4, 6, 8, 12, 16, 24 ]
11306	[ 0, 4, 8, 12, 16, 24 ]
11309	[ 0, 4, 8, 12, 16, 24 ]
11311	[ 0, 2, 4, 6, 8, 12, 16, 24 ]
11313	[ 0, 2, 4, 6, 8, 12, 16, 24 ]
11316	[ 0, 4, 8, 12, 16, 24 ]
11319	[ 0, 4, 8, 12, 16, 24 ]
11321	[ 0, 4, 8, 12, 16, 24 ]
11322	[ 0, 4, 8, 12, 16, 24 ]
11329	[ 0, 4, 8, 12, 16, 24 ]
11331	[ 0, 4, 8, 12, 16, 24 ]
11341	[ 0, 4, 8, 12, 16, 24 ]
11346	[ 0, 4, 8, 12, 16, 24 ]
11347	[ 0, 4, 8, 12, 16, 24 ]
11356	[ 0, 2, 4, 6, 8, 10, 12, 14, 16, 18, 24 ]
11366	[ 0, 4, 6, 8, 10, 12, 14, 16, 24 ]
11368	[ 0, 4, 6, 8, 10, 12, 14, 16, 24 ]
11369	[ 0, 2, 6, 8, 10, 16, 24 ]
11370	[ 0, 2, 6, 8, 10, 16, 24 ]
11378	[ 0, 4, 6, 8, 10, 12, 14, 16, 24 ]
11395	[ 0, 4, 8, 16, 24 ]
11399	[ 0, 4, 8, 16, 24 ]
11401	[ 0, 4, 8, 16, 24 ]
11402	[ 0, 4, 8, 16, 24 ]
11403	[ 0, 4, 8, 16, 24 ]
11404	[ 0, 4, 8, 16, 24 ]
11411	[ 0, 4, 8, 12, 16, 24 ]
11412	[ 0, 4, 8, 12, 16, 24 ]
11415	[ 0, 4, 8, 12, 16, 24 ]
11418	[ 0, 4, 8, 12, 16, 24 ]
11420	[ 0, 4, 8, 12, 16, 24 ]
11421	[ 0, 4, 8, 12, 16, 24 ]
11422	[ 0, 4, 8, 12, 16, 24 ]
11424	[ 0, 4, 8, 12, 16, 24 ]
11440	[ 0, 4, 8, 12, 16, 24 ]
11465	[ 0, 2, 4, 6, 8, 16, 24 ]
11471	[ 0, 4, 8, 16, 24 ]
11473	[ 0, 4, 8, 16, 24 ]
11478	[ 0, 4, 8, 16, 24 ]
11480	[ 0, 4, 8, 16, 24 ]
11484	[ 0, 4, 8, 16, 24 ]
11485	[ 0, 4, 8, 16, 24 ]
11486	[ 0, 4, 8, 16, 24 ]
11487	[ 0, 4, 8, 16, 24 ]
11489	[ 0, 4, 8, 16, 24 ]
11490	[ 0, 4, 8, 16, 24 ]
11491	[ 0, 4, 8, 16, 24 ]
11492	[ 0, 4, 8, 16, 24 ]
11493	[ 0, 4, 8, 16, 24 ]
11494	[ 0, 4, 8, 16, 24 ]
11496	[ 0, 4, 8, 16, 24 ]
11497	[ 0, 4, 8, 16, 24 ]
11500	[ 0, 4, 8, 16, 24 ]
11502	[ 0, 4, 8, 16, 24 ]
11550	[ 0, 4, 8, 12, 16, 24 ]
11552	[ 0, 4, 8, 16, 24 ]
11555	[ 0, 4, 8, 12, 16, 24 ]
11557	[ 0, 4, 8, 12, 16, 24 ]
11558	[ 0, 4, 8, 16, 24 ]
11562	[ 0, 4, 8, 16, 24 ]
11565	[ 0, 4, 8, 16, 24 ]
11567	[ 0, 4, 8, 16, 24 ]
11575	[ 0, 4, 8, 16, 24 ]
11595	[ 0, 4, 8, 12, 16, 24 ]
11600	[ 0, 2, 6, 8, 16, 24 ]
11601	[ 0, 2, 4, 6, 8, 16, 24 ]
11602	[ 0, 2, 4, 6, 8, 16, 24 ]
11603	[ 0, 2, 6, 8, 16, 24 ]
11604	[ 0, 2, 6, 8, 16, 24 ]
11605	[ 0, 2, 4, 6, 8, 16, 24 ]
11608	[ 0, 4, 8, 12, 16, 24 ]
11610	[ 0, 4, 6, 8, 12, 16, 24 ]
11611	[ 0, 4, 6, 8, 16, 24 ]
11612	[ 0, 4, 6, 8, 16, 24 ]
11613	[ 0, 4, 6, 8, 12, 16, 24 ]
11614	[ 0, 4, 6, 8, 12, 16, 24 ]
11619	[ 0, 2, 6, 8, 16, 24 ]
11620	[ 0, 2, 6, 8, 16, 24 ]
11625	[ 0, 8, 16, 24 ]
11626	[ 0, 4, 8, 12, 16, 24 ]
11628	[ 0, 4, 8, 12, 16, 24 ]
11634	[ 0, 2, 4, 8, 12, 16, 24 ]
11638	[ 0, 4, 8, 16, 24 ]
11639	[ 0, 4, 8, 12, 16, 24 ]
11641	[ 0, 4, 8, 12, 16, 24 ]
11646	[ 0, 4, 6, 8, 16, 24 ]
11647	[ 0, 4, 6, 8, 16, 24 ]
11650	[ 0, 2, 8, 16, 24 ]
11651	[ 0, 2, 8, 16, 24 ]
11654	[ 0, 4, 8, 12, 16, 24 ]
11658	[ 0, 2, 4, 8, 16, 24 ]
11659	[ 0, 2, 4, 8, 16, 24 ]
11666	[ 0, 2, 6, 8, 16, 24 ]
11667	[ 0, 2, 6, 8, 16, 24 ]
11669	[ 0, 2, 6, 8, 16, 24 ]
11678	[ 0, 2, 8, 16, 24 ]
11679	[ 0, 2, 8, 16, 24 ]
11682	[ 0, 4, 8, 12, 16, 24 ]
11685	[ 0, 2, 4, 8, 16, 24 ]
11686	[ 0, 2, 8, 16, 24 ]
11687	[ 0, 2, 4, 8, 16, 24 ]
11692	[ 0, 4, 8, 16, 24 ]
11696	[ 0, 2, 8, 16, 24 ]
11697	[ 0, 2, 8, 16, 24 ]
11702	[ 0, 4, 8, 12, 16, 24 ]
11703	[ 0, 4, 8, 12, 16, 24 ]
11704	[ 0, 2, 4, 8, 12, 16, 24 ]
11705	[ 0, 2, 4, 8, 12, 16, 24 ]
11707	[ 0, 2, 4, 8, 12, 16, 24 ]
11709	[ 0, 4, 8, 12, 16, 24 ]
11716	[ 0, 4, 8, 12, 16, 24 ]
11745	[ 0, 4, 8, 12, 16, 24 ]
11751	[ 0, 2, 4, 8, 12, 16, 24 ]
11759	[ 0, 4, 8, 12, 16, 24 ]
11763	[ 0, 2, 4, 8, 12, 16, 24 ]
11777	[ 0, 2, 4, 6, 8, 12, 16, 24 ]
11779	[ 0, 2, 4, 8, 12, 16, 24 ]
11784	[ 0, 2, 4, 8, 12, 16, 24 ]
11786	[ 0, 2, 4, 8, 12, 16, 24 ]
11787	[ 0, 2, 4, 6, 8, 12, 16, 24 ]
11789	[ 0, 2, 4, 8, 12, 16, 24 ]
11793	[ 0, 2, 4, 8, 12, 16, 24 ]
11798	[ 0, 2, 4, 8, 12, 16, 24 ]
11799	[ 0, 2, 4, 6, 8, 12, 16, 24 ]
11802	[ 0, 2, 4, 8, 12, 16, 24 ]
11805	[ 0, 2, 4, 8, 12, 16, 24 ]
11808	[ 0, 2, 4, 8, 12, 16, 24 ]
11810	[ 0, 4, 8, 12, 16, 24 ]
11811	[ 0, 2, 4, 8, 12, 16, 24 ]
11813	[ 0, 2, 4, 6, 8, 12, 16, 24 ]
11816	[ 0, 2, 4, 6, 8, 12, 16, 24 ]
11819	[ 0, 2, 4, 8, 12, 16, 24 ]
11825	[ 0, 2, 4, 6, 8, 12, 16, 24 ]
11826	[ 0, 2, 4, 6, 8, 12, 16, 24 ]
11830	[ 0, 2, 4, 6, 8, 12, 16, 24 ]
11833	[ 0, 4, 6, 8, 12, 16, 24 ]
11834	[ 0, 2, 4, 8, 12, 16, 24 ]
11838	[ 0, 4, 8, 12, 16, 24 ]
11846	[ 0, 4, 6, 8, 12, 16, 24 ]
11847	[ 0, 4, 8, 12, 16, 24 ]
11856	[ 0, 4, 6, 8, 12, 16, 24 ]
11857	[ 0, 2, 4, 8, 10, 12, 16, 24 ]
11859	[ 0, 4, 6, 8, 12, 14, 16, 24 ]
11866	[ 0, 4, 8, 12, 16, 24 ]
11868	[ 0, 4, 8, 12, 16, 24 ]
11879	[ 0, 2, 4, 6, 8, 10, 12, 16, 18, 24 ]
11880	[ 0, 2, 4, 6, 8, 10, 12, 16, 18, 24 ]
11881	[ 0, 2, 4, 6, 8, 12, 16, 24 ]
11884	[ 0, 2, 4, 6, 8, 12, 16, 24 ]
11889	[ 0, 4, 8, 12, 16, 24 ]
11892	[ 0, 4, 8, 12, 16, 24 ]
11893	[ 0, 4, 8, 12, 16, 24 ]
11894	[ 0, 4, 8, 12, 16, 24 ]
11901	[ 0, 2, 4, 6, 8, 12, 14, 16, 24 ]
11902	[ 0, 4, 6, 8, 12, 14, 16, 24 ]
11904	[ 0, 2, 4, 6, 8, 12, 16, 24 ]
11905	[ 0, 2, 4, 6, 8, 12, 16, 24 ]
11907	[ 0, 4, 8, 12, 16, 24 ]
11908	[ 0, 4, 6, 8, 12, 16, 24 ]
11910	[ 0, 2, 4, 8, 12, 16, 24 ]
11911	[ 0, 2, 4, 8, 12, 16, 24 ]
11912	[ 0, 2, 4, 8, 12, 16, 24 ]
11913	[ 0, 2, 4, 8, 12, 16, 24 ]
11914	[ 0, 4, 6, 8, 12, 16, 24 ]
11915	[ 0, 4, 6, 8, 12, 14, 16, 24 ]
11919	[ 0, 2, 4, 8, 10, 12, 16, 24 ]
11923	[ 0, 4, 6, 8, 12, 16, 24 ]
11927	[ 0, 4, 6, 8, 12, 16, 24 ]
11928	[ 0, 4, 8, 12, 16, 24 ]
11929	[ 0, 4, 8, 12, 16, 24 ]
11930	[ 0, 4, 8, 12, 16, 24 ]
11931	[ 0, 4, 6, 8, 12, 16, 24 ]
11932	[ 0, 4, 8, 12, 16, 24 ]
11934	[ 0, 4, 8, 12, 16, 24 ]
11940	[ 0, 4, 8, 12, 16, 24 ]
11941	[ 0, 4, 8, 12, 16, 24 ]
11943	[ 0, 4, 8, 12, 16, 24 ]
11946	[ 0, 4, 8, 12, 16, 24 ]
11949	[ 0, 4, 6, 8, 12, 16, 24 ]
11953	[ 0, 4, 8, 12, 16, 24 ]
11954	[ 0, 4, 8, 12, 16, 24 ]
11955	[ 0, 2, 4, 8, 10, 12, 16, 24 ]
11956	[ 0, 4, 8, 12, 16, 24 ]
11957	[ 0, 2, 4, 8, 10, 12, 16, 24 ]
11964	[ 0, 2, 4, 6, 8, 10, 12, 16, 18, 24 ]
11965	[ 0, 2, 4, 6, 8, 10, 12, 16, 18, 24 ]
11966	[ 0, 2, 4, 6, 8, 10, 12, 16, 18, 24 ]
11967	[ 0, 2, 4, 6, 8, 10, 12, 16, 18, 24 ]
11976	[ 0, 2, 4, 6, 8, 10, 14, 16, 24 ]
11977	[ 0, 2, 4, 6, 8, 10, 12, 14, 16, 24 ]
11978	[ 0, 2, 4, 6, 8, 14, 16, 24 ]
11979	[ 0, 4, 6, 8, 12, 14, 16, 24 ]
11980	[ 0, 4, 6, 8, 14, 16, 24 ]
11981	[ 0, 2, 6, 8, 10, 14, 16, 24 ]
11988	[ 0, 2, 4, 6, 8, 10, 12, 16, 24 ]
11990	[ 0, 2, 4, 6, 8, 10, 12, 16, 24 ]
11991	[ 0, 4, 6, 8, 10, 12, 16, 24 ]
11992	[ 0, 2, 4, 6, 8, 10, 12, 16, 24 ]
11993	[ 0, 2, 4, 6, 8, 10, 12, 16, 24 ]
12000	[ 0, 2, 4, 8, 12, 16, 24 ]
12002	[ 0, 2, 4, 8, 12, 16, 24 ]
12003	[ 0, 2, 4, 8, 12, 16, 24 ]
12004	[ 0, 2, 4, 8, 12, 16, 24 ]
12006	[ 0, 2, 4, 8, 12, 16, 24 ]
12007	[ 0, 2, 4, 8, 12, 16, 24 ]
12014	[ 0, 2, 4, 6, 8, 10, 12, 16, 18, 24 ]
12022	[ 0, 2, 4, 6, 8, 10, 12, 16, 24 ]
12024	[ 0, 4, 6, 8, 10, 12, 16, 24 ]
12025	[ 0, 2, 4, 6, 8, 10, 12, 16, 24 ]
12030	[ 0, 2, 4, 8, 10, 12, 16, 24 ]
12031	[ 0, 2, 4, 8, 12, 16, 24 ]
12032	[ 0, 2, 4, 8, 12, 16, 24 ]
12033	[ 0, 2, 4, 8, 10, 12, 16, 24 ]
12036	[ 0, 2, 4, 6, 8, 12, 16, 24 ]
12037	[ 0, 2, 4, 8, 12, 16, 24 ]
12038	[ 0, 2, 4, 8, 12, 16, 24 ]
12039	[ 0, 2, 4, 6, 8, 12, 16, 24 ]
12050	[ 0, 4, 8, 12, 16, 24 ]
12051	[ 0, 4, 8, 12, 16, 24 ]
12053	[ 0, 4, 8, 16, 24 ]
12054	[ 0, 4, 8, 16, 24 ]
12055	[ 0, 4, 8, 16, 24 ]
12066	[ 0, 2, 4, 6, 8, 10, 12, 16, 18, 24 ]
12074	[ 0, 2, 4, 6, 8, 10, 12, 16, 24 ]
12105	[ 0, 4, 8, 12, 16, 24 ]
12106	[ 0, 4, 8, 12, 16, 24 ]
12107	[ 0, 4, 8, 12, 16, 24 ]
12109	[ 0, 4, 8, 12, 16, 24 ]
12226	[ 0, 4, 8, 12, 16, 20, 24 ]
12281	[ 0, 2, 4, 6, 8, 10, 12, 14, 16, 20, 24 ]
12283	[ 0, 2, 4, 6, 8, 10, 12, 14, 16, 20, 24 ]
12290	[ 0, 2, 4, 6, 8, 12, 16, 20, 24 ]
12299	[ 0, 2, 4, 6, 8, 12, 16, 20, 24 ]
12310	[ 0, 4, 6, 8, 10, 12, 16, 20, 24 ]
12311	[ 0, 2, 4, 6, 8, 10, 12, 14, 16, 20, 24 ]
12312	[ 0, 2, 4, 6, 8, 12, 16, 20, 24 ]
12319	[ 0, 4, 8, 12, 16, 20, 24 ]
12321	[ 0, 2, 4, 6, 8, 10, 12, 16, 20, 24 ]
12322	[ 0, 2, 4, 6, 8, 10, 12, 14, 16, 20, 24 ]
12323	[ 0, 2, 4, 6, 8, 12, 16, 20, 24 ]
12350	[ 0, 4, 8, 12, 16, 24 ]
12362	[ 0, 8, 16, 24 ]
12367	[ 0, 4, 8, 12, 16, 24 ]
12373	[ 0, 4, 8, 16, 24 ]
12454	[ 0, 4, 8, 12, 16, 24 ]
12463	[ 0, 2, 4, 6, 8, 16, 24 ]
12476	[ 0, 4, 8, 12, 16, 24 ]
12477	[ 0, 4, 8, 12, 16, 24 ]
12478	[ 0, 4, 8, 12, 16, 24 ]
12479	[ 0, 4, 8, 12, 16, 24 ]
12480	[ 0, 4, 8, 12, 16, 24 ]
12481	[ 0, 4, 8, 12, 16, 24 ]
12791	[ 0, 4, 8, 12, 16, 20, 24 ]
12800	[ 0, 2, 4, 6, 8, 12, 16, 20, 24 ]
12801	[ 0, 2, 4, 6, 8, 12, 16, 20, 24 ]
12813	[ 0, 4, 8, 12, 16, 20, 24 ]
12817	[ 0, 4, 8, 12, 16, 20, 24 ]
12833	[ 0, 2, 4, 6, 8, 12, 16, 20, 24 ]
12842	[ 0, 4, 8, 12, 16, 20, 24 ]
12845	[ 0, 4, 8, 12, 16, 20, 24 ]
12858	[ 0, 4, 8, 12, 16, 20, 24 ]
12860	[ 0, 4, 8, 12, 16, 20, 24 ]
12868	[ 0, 2, 4, 6, 8, 10, 12, 16, 20, 24 ]
12876	[ 0, 4, 6, 8, 10, 12, 14, 16, 18, 20, 24 ]
12900	[ 0, 2, 4, 6, 8, 10, 12, 14, 16, 18, 20, 24 ]
12902	[ 0, 2, 4, 6, 8, 10, 12, 14, 16, 18, 20, 24 ]
12908	[ 0, 2, 4, 6, 8, 10, 12, 14, 16, 18, 20, 24 ]
12923	[ 0, 4, 8, 12, 16, 20, 24 ]
12927	[ 0, 4, 6, 8, 12, 16, 20, 24 ]
12929	[ 0, 4, 8, 12, 16, 20, 24 ]
12930	[ 0, 4, 8, 12, 16, 20, 24 ]
12936	[ 0, 4, 6, 8, 12, 16, 20, 24 ]
12944	[ 0, 4, 8, 12, 16, 20, 24 ]
12949	[ 0, 4, 8, 12, 16, 20, 24 ]
12950	[ 0, 4, 8, 12, 16, 20, 24 ]
12954	[ 0, 4, 8, 12, 16, 20, 24 ]
12962	[ 0, 4, 8, 12, 16, 20, 24 ]
12966	[ 0, 4, 8, 12, 16, 20, 24 ]
12969	[ 0, 2, 4, 8, 12, 16, 20, 24 ]
12971	[ 0, 4, 8, 12, 16, 20, 24 ]
12973	[ 0, 4, 8, 12, 16, 20, 24 ]
12976	[ 0, 4, 8, 12, 16, 20, 24 ]
12979	[ 0, 4, 8, 12, 16, 20, 24 ]
12983	[ 0, 4, 8, 12, 16, 20, 24 ]
12987	[ 0, 4, 8, 12, 16, 20, 24 ]
12988	[ 0, 4, 8, 12, 16, 20, 24 ]
12989	[ 0, 4, 8, 12, 16, 20, 24 ]
12990	[ 0, 4, 8, 12, 16, 20, 24 ]
12995	[ 0, 4, 8, 12, 16, 20, 24 ]
13002	[ 0, 4, 8, 12, 16, 20, 24 ]
13007	[ 0, 4, 8, 12, 16, 20, 24 ]
13009	[ 0, 4, 8, 12, 16, 20, 24 ]
13014	[ 0, 4, 8, 12, 16, 20, 24 ]
13024	[ 0, 4, 6, 8, 12, 16, 20, 24 ]
13031	[ 0, 4, 8, 12, 16, 20, 24 ]
13035	[ 0, 4, 8, 12, 16, 20, 24 ]
13039	[ 0, 4, 8, 12, 16, 20, 24 ]
13042	[ 0, 4, 8, 12, 16, 20, 24 ]
13045	[ 0, 4, 8, 12, 16, 20, 24 ]
13048	[ 0, 4, 6, 8, 12, 16, 20, 24 ]
13057	[ 0, 2, 4, 6, 8, 12, 16, 20, 24 ]
13059	[ 0, 4, 8, 12, 16, 20, 24 ]
13065	[ 0, 4, 8, 12, 16, 20, 24 ]
13074	[ 0, 2, 4, 6, 8, 12, 16, 20, 24 ]
13096	[ 0, 2, 4, 6, 8, 12, 16, 20, 24 ]
13100	[ 0, 2, 4, 6, 8, 12, 16, 20, 24 ]
13102	[ 0, 4, 6, 8, 10, 12, 16, 20, 24 ]
13103	[ 0, 4, 8, 12, 16, 20, 24 ]
13104	[ 0, 4, 8, 12, 16, 20, 24 ]
13108	[ 0, 4, 8, 12, 16, 20, 24 ]
13118	[ 0, 4, 8, 12, 16, 20, 24 ]
13119	[ 0, 4, 8, 12, 16, 20, 24 ]
13120	[ 0, 4, 8, 12, 16, 20, 24 ]
13122	[ 0, 4, 8, 12, 16, 20, 24 ]
13125	[ 0, 4, 8, 12, 16, 20, 24 ]
13145	[ 0, 4, 8, 12, 16, 20, 24 ]
13190	[ 0, 4, 8, 12, 16, 20, 24 ]
13193	[ 0, 4, 8, 12, 16, 20, 24 ]
13197	[ 0, 4, 8, 12, 16, 20, 24 ]
13203	[ 0, 4, 8, 12, 16, 20, 24 ]
13237	[ 0, 4, 8, 12, 16, 20, 24 ]
13239	[ 0, 4, 8, 12, 16, 20, 24 ]
13240	[ 0, 4, 8, 12, 16, 20, 24 ]
13241	[ 0, 4, 8, 12, 16, 20, 24 ]
13244	[ 0, 4, 8, 12, 16, 20, 24 ]
13251	[ 0, 4, 8, 12, 16, 20, 24 ]
13253	[ 0, 4, 8, 12, 16, 20, 24 ]
13254	[ 0, 4, 8, 12, 16, 20, 24 ]
13259	[ 0, 4, 8, 12, 16, 20, 24 ]
13260	[ 0, 4, 8, 12, 16, 20, 24 ]
13261	[ 0, 4, 8, 12, 16, 20, 24 ]
13263	[ 0, 4, 8, 12, 16, 20, 24 ]
13264	[ 0, 4, 8, 12, 16, 20, 24 ]
13271	[ 0, 4, 8, 12, 16, 20, 24 ]
13286	[ 0, 2, 4, 6, 8, 12, 16, 20, 24 ]
13288	[ 0, 2, 4, 6, 8, 12, 16, 20, 24 ]
13313	[ 0, 4, 8, 12, 16, 20, 24 ]
13323	[ 0, 2, 4, 6, 8, 10, 12, 14, 16, 20, 24 ]
13325	[ 0, 4, 6, 8, 10, 12, 14, 16, 20, 24 ]
13339	[ 0, 4, 6, 8, 10, 12, 14, 16, 20, 24 ]
13350	[ 0, 4, 8, 12, 16, 20, 24 ]
13357	[ 0, 4, 6, 8, 12, 16, 20, 24 ]
13372	[ 0, 4, 8, 12, 16, 20, 24 ]
13407	[ 0, 2, 4, 6, 8, 12, 16, 20, 24 ]
13408	[ 0, 2, 4, 8, 12, 16, 20, 24 ]
13409	[ 0, 4, 6, 8, 12, 16, 20, 24 ]
13438	[ 0, 2, 4, 6, 8, 12, 16, 20, 24 ]
13442	[ 0, 2, 4, 6, 8, 12, 16, 20, 24 ]
13445	[ 0, 2, 4, 6, 8, 12, 16, 20, 24 ]
13446	[ 0, 2, 4, 6, 8, 12, 16, 20, 24 ]
13448	[ 0, 2, 4, 6, 8, 12, 16, 20, 24 ]
13449	[ 0, 4, 8, 12, 16, 20, 24 ]
13451	[ 0, 4, 8, 12, 16, 20, 24 ]
13452	[ 0, 2, 4, 6, 8, 12, 16, 20, 24 ]
13457	[ 0, 4, 8, 12, 16, 20, 24 ]
13459	[ 0, 4, 8, 12, 16, 20, 24 ]
13460	[ 0, 4, 8, 12, 16, 20, 24 ]
13461	[ 0, 2, 4, 8, 12, 16, 20, 24 ]
13469	[ 0, 4, 6, 8, 12, 16, 20, 24 ]
13470	[ 0, 4, 6, 8, 12, 16, 20, 24 ]
13501	[ 0, 4, 8, 12, 16, 20, 24 ]
13523	[ 0, 2, 4, 8, 12, 16, 20, 24 ]
13528	[ 0, 4, 8, 12, 16, 20, 24 ]
13529	[ 0, 4, 8, 12, 16, 20, 24 ]
13531	[ 0, 4, 8, 12, 16, 20, 24 ]
13535	[ 0, 2, 4, 8, 12, 16, 20, 24 ]
13538	[ 0, 4, 8, 12, 16, 20, 24 ]
13545	[ 0, 4, 8, 12, 16, 20, 24 ]
13546	[ 0, 4, 8, 12, 16, 20, 24 ]
13549	[ 0, 4, 8, 12, 16, 20, 24 ]
13550	[ 0, 4, 8, 12, 16, 20, 24 ]
13558	[ 0, 2, 4, 8, 12, 16, 20, 24 ]
13561	[ 0, 4, 8, 12, 16, 20, 24 ]
13563	[ 0, 4, 8, 12, 16, 20, 24 ]
13617	[ 0, 2, 4, 6, 8, 10, 12, 14, 16, 18, 24 ]
13618	[ 0, 2, 4, 6, 8, 10, 12, 14, 16, 18, 24 ]
13622	[ 0, 2, 4, 6, 8, 10, 12, 14, 16, 18, 24 ]
13643	[ 0, 4, 8, 12, 16, 24 ]
13653	[ 0, 4, 8, 12, 16, 24 ]
13677	[ 0, 2, 4, 8, 12, 16, 24 ]
13742	[ 0, 4, 8, 12, 16, 24 ]
13748	[ 0, 4, 8, 12, 16, 24 ]
13753	[ 0, 4, 8, 12, 16, 24 ]
13754	[ 0, 4, 8, 12, 16, 24 ]
13755	[ 0, 4, 8, 12, 16, 24 ]
13758	[ 0, 2, 4, 6, 8, 16, 24 ]
13759	[ 0, 2, 4, 6, 8, 16, 24 ]
13762	[ 0, 2, 4, 6, 8, 16, 24 ]
13763	[ 0, 2, 4, 6, 8, 16, 24 ]
13766	[ 0, 4, 8, 12, 16, 24 ]
13767	[ 0, 4, 8, 12, 16, 24 ]
13774	[ 0, 2, 4, 6, 8, 16, 24 ]
13775	[ 0, 2, 4, 6, 8, 16, 24 ]
13781	[ 0, 4, 8, 16, 24 ]
13783	[ 0, 4, 8, 12, 16, 24 ]
13785	[ 0, 4, 8, 12, 16, 24 ]
13786	[ 0, 4, 8, 12, 16, 24 ]
13787	[ 0, 4, 8, 12, 16, 24 ]
13788	[ 0, 4, 8, 12, 16, 24 ]
13792	[ 0, 2, 6, 8, 10, 16, 24 ]
13793	[ 0, 2, 4, 6, 8, 10, 12, 14, 16, 18, 24 ]
13797	[ 0, 2, 4, 6, 8, 10, 12, 16, 24 ]
13798	[ 0, 4, 8, 12, 16, 24 ]
13801	[ 0, 4, 8, 12, 16, 24 ]
13806	[ 0, 4, 8, 12, 16, 24 ]
13807	[ 0, 4, 8, 12, 16, 24 ]
13808	[ 0, 4, 8, 12, 16, 24 ]
13809	[ 0, 4, 8, 12, 16, 24 ]
13810	[ 0, 4, 8, 12, 16, 24 ]
13816	[ 0, 4, 8, 12, 16, 24 ]
13819	[ 0, 2, 4, 6, 8, 10, 16, 24 ]
13820	[ 0, 2, 4, 6, 8, 10, 16, 24 ]
13823	[ 0, 2, 4, 6, 8, 10, 12, 14, 16, 18, 24 ]
13827	[ 0, 2, 4, 6, 8, 10, 12, 14, 16, 24 ]
13828	[ 0, 2, 4, 6, 8, 10, 12, 14, 16, 24 ]
13831	[ 0, 2, 4, 6, 8, 10, 12, 14, 16, 24 ]
13832	[ 0, 2, 4, 6, 8, 10, 12, 14, 16, 24 ]
13836	[ 0, 4, 8, 12, 16, 24 ]
13844	[ 0, 4, 8, 12, 16, 24 ]
13873	[ 0, 2, 4, 6, 8, 10, 12, 14, 16, 24 ]
13882	[ 0, 2, 4, 6, 8, 10, 12, 16, 18, 24 ]
13885	[ 0, 2, 4, 8, 10, 12, 16, 24 ]
13890	[ 0, 2, 4, 8, 10, 12, 16, 24 ]
13891	[ 0, 4, 6, 8, 12, 16, 24 ]
13894	[ 0, 4, 8, 12, 16, 24 ]
13897	[ 0, 4, 6, 8, 12, 14, 16, 24 ]
13905	[ 0, 4, 6, 8, 12, 16, 24 ]
13906	[ 0, 4, 8, 12, 16, 24 ]
13914	[ 0, 4, 6, 8, 12, 14, 16, 24 ]
13923	[ 0, 4, 6, 8, 12, 14, 16, 24 ]
13928	[ 0, 2, 4, 6, 8, 10, 12, 16, 18, 24 ]
13931	[ 0, 2, 4, 6, 8, 10, 12, 16, 18, 24 ]
13940	[ 0, 2, 4, 6, 8, 10, 12, 16, 24 ]
13942	[ 0, 2, 4, 6, 8, 10, 12, 16, 24 ]
13944	[ 0, 2, 4, 6, 8, 10, 12, 16, 24 ]
13946	[ 0, 2, 4, 6, 8, 10, 12, 16, 24 ]
13947	[ 0, 2, 4, 6, 8, 10, 12, 16, 24 ]
13976	[ 0, 4, 8, 12, 16, 24 ]
14147	[ 0, 2, 4, 8, 12, 16, 20, 24 ]
14148	[ 0, 2, 4, 8, 12, 16, 20, 24 ]
14219	[ 0, 2, 4, 6, 8, 10, 12, 14, 16, 20, 24 ]
14336	[ 0, 2, 8, 16, 24 ]
14337	[ 0, 2, 8, 16, 24 ]
14338	[ 0, 2, 4, 8, 12, 16, 24 ]
14339	[ 0, 2, 4, 8, 12, 16, 24 ]
14343	[ 0, 8, 16, 24 ]
14352	[ 0, 4, 8, 12, 16, 24 ]
14366	[ 0, 2, 6, 8, 16, 24 ]
14367	[ 0, 2, 6, 8, 16, 24 ]
14373	[ 0, 2, 6, 8, 16, 24 ]
14377	[ 0, 4, 8, 16, 24 ]
14381	[ 0, 4, 8, 16, 24 ]
14384	[ 0, 4, 8, 16, 24 ]
14411	[ 0, 2, 6, 8, 10, 16, 24 ]
14507	[ 0, 2, 4, 6, 8, 12, 16, 24 ]
14510	[ 0, 2, 4, 8, 12, 16, 24 ]
14520	[ 0, 4, 8, 12, 16, 24 ]
14521	[ 0, 4, 8, 12, 16, 24 ]
14522	[ 0, 4, 8, 12, 16, 24 ]
14523	[ 0, 4, 8, 12, 16, 24 ]
14528	[ 0, 4, 8, 12, 16, 24 ]
14576	[ 0, 2, 4, 6, 8, 10, 12, 14, 16, 24 ]
14580	[ 0, 2, 4, 6, 8, 10, 12, 14, 16, 24 ]
14832	[ 0, 2, 4, 6, 8, 10, 12, 14, 16, 18, 20, 24 ]
14836	[ 0, 2, 4, 6, 8, 12, 16, 20, 24 ]
14846	[ 0, 2, 4, 8, 12, 16, 20, 24 ]
14850	[ 0, 4, 8, 12, 16, 20, 24 ]
14872	[ 0, 2, 4, 6, 8, 10, 12, 16, 20, 24 ]
14878	[ 0, 4, 8, 12, 16, 20, 24 ]
14879	[ 0, 4, 8, 12, 16, 20, 24 ]
14883	[ 0, 4, 8, 12, 16, 20, 24 ]
14884	[ 0, 4, 8, 12, 16, 20, 24 ]
14887	[ 0, 2, 4, 8, 12, 16, 20, 24 ]
14890	[ 0, 2, 4, 6, 8, 12, 16, 20, 24 ]
14892	[ 0, 2, 4, 6, 8, 12, 16, 20, 24 ]
14904	[ 0, 2, 4, 8, 12, 16, 20, 24 ]
14906	[ 0, 4, 8, 12, 16, 20, 24 ]
14910	[ 0, 4, 8, 12, 16, 20, 24 ]
14912	[ 0, 4, 8, 12, 16, 20, 24 ]
14913	[ 0, 4, 8, 12, 16, 20, 24 ]
14915	[ 0, 4, 8, 12, 16, 20, 24 ]
14917	[ 0, 4, 8, 12, 16, 20, 24 ]
14920	[ 0, 4, 8, 12, 16, 20, 24 ]
14921	[ 0, 4, 8, 12, 16, 20, 24 ]
14922	[ 0, 2, 4, 6, 8, 12, 16, 20, 24 ]
14924	[ 0, 2, 4, 6, 8, 12, 16, 20, 24 ]
14953	[ 0, 2, 4, 6, 8, 12, 16, 20, 24 ]
14997	[ 0, 4, 6, 8, 10, 12, 14, 16, 18, 20, 24 ]
15001	[ 0, 2, 4, 6, 8, 10, 12, 14, 16, 18, 20, 24 ]
15002	[ 0, 2, 4, 6, 8, 10, 12, 14, 16, 18, 20, 24 ]
15006	[ 0, 2, 4, 6, 8, 10, 12, 14, 16, 18, 20, 24 ]
15012	[ 0, 2, 4, 6, 8, 10, 12, 14, 16, 18, 20, 24 ]
15024	[ 0, 2, 4, 6, 8, 10, 12, 14, 16, 18, 20, 24 ]
15032	[ 0, 2, 4, 6, 8, 10, 12, 14, 16, 18, 20, 24 ]
15048	[ 0, 2, 4, 6, 8, 10, 12, 14, 16, 18, 20, 24 ]
15091	[ 0, 2, 4, 6, 8, 10, 12, 14, 16, 18, 20, 24 ]
15093	[ 0, 4, 8, 12, 16, 20, 24 ]
15094	[ 0, 4, 8, 12, 16, 20, 24 ]
15095	[ 0, 4, 8, 12, 16, 20, 24 ]
15096	[ 0, 4, 8, 12, 16, 20, 24 ]
15099	[ 0, 4, 8, 12, 16, 20, 24 ]
15104	[ 0, 4, 8, 12, 16, 20, 24 ]
15109	[ 0, 4, 8, 12, 16, 20, 24 ]
15111	[ 0, 4, 6, 8, 12, 16, 20, 24 ]
15114	[ 0, 2, 4, 6, 8, 12, 16, 20, 24 ]
15115	[ 0, 2, 4, 8, 12, 16, 20, 24 ]
15120	[ 0, 2, 4, 8, 12, 16, 20, 24 ]
15127	[ 0, 2, 4, 6, 8, 12, 16, 20, 24 ]
15135	[ 0, 4, 8, 12, 16, 20, 24 ]
15136	[ 0, 4, 8, 12, 16, 20, 24 ]
15144	[ 0, 2, 4, 6, 8, 12, 16, 20, 24 ]
15149	[ 0, 2, 4, 8, 12, 16, 20, 24 ]
15152	[ 0, 4, 8, 12, 16, 20, 24 ]
15156	[ 0, 4, 8, 12, 16, 20, 24 ]
15158	[ 0, 4, 8, 12, 16, 20, 24 ]
15170	[ 0, 4, 6, 8, 12, 16, 20, 24 ]
15171	[ 0, 4, 8, 12, 16, 20, 24 ]
15178	[ 0, 4, 8, 12, 16, 20, 24 ]
15180	[ 0, 4, 8, 12, 16, 20, 24 ]
15182	[ 0, 2, 4, 6, 8, 12, 16, 20, 24 ]
15183	[ 0, 2, 4, 6, 8, 12, 16, 20, 24 ]
15184	[ 0, 4, 8, 12, 16, 20, 24 ]
15186	[ 0, 2, 4, 6, 8, 12, 16, 20, 24 ]
15196	[ 0, 2, 4, 6, 8, 12, 16, 20, 24 ]
15198	[ 0, 2, 4, 6, 8, 12, 16, 20, 24 ]
15199	[ 0, 4, 8, 12, 16, 20, 24 ]
15200	[ 0, 2, 4, 6, 8, 12, 16, 20, 24 ]
15203	[ 0, 4, 8, 12, 16, 20, 24 ]
15205	[ 0, 4, 8, 12, 16, 20, 24 ]
15207	[ 0, 4, 8, 12, 16, 20, 24 ]
15208	[ 0, 4, 6, 8, 12, 16, 20, 24 ]
15223	[ 0, 4, 8, 12, 16, 20, 24 ]
15224	[ 0, 2, 4, 8, 12, 16, 20, 24 ]
15234	[ 0, 4, 8, 12, 16, 20, 24 ]
15235	[ 0, 4, 8, 12, 16, 20, 24 ]
15237	[ 0, 4, 8, 12, 16, 20, 24 ]
15251	[ 0, 2, 4, 6, 8, 12, 16, 20, 24 ]
15252	[ 0, 2, 4, 6, 8, 12, 16, 20, 24 ]
15253	[ 0, 2, 4, 6, 8, 12, 16, 20, 24 ]
15254	[ 0, 4, 8, 12, 16, 20, 24 ]
15255	[ 0, 2, 4, 6, 8, 12, 16, 20, 24 ]
15260	[ 0, 4, 8, 12, 16, 20, 24 ]
15264	[ 0, 4, 8, 12, 16, 20, 24 ]
15268	[ 0, 4, 8, 12, 16, 20, 24 ]
15277	[ 0, 2, 4, 8, 12, 16, 20, 24 ]
15280	[ 0, 2, 4, 6, 8, 12, 16, 20, 24 ]
15282	[ 0, 4, 6, 8, 12, 16, 20, 24 ]
15288	[ 0, 2, 4, 6, 8, 12, 16, 20, 24 ]
15295	[ 0, 2, 4, 8, 12, 16, 20, 24 ]
15296	[ 0, 2, 4, 6, 8, 12, 16, 20, 24 ]
15297	[ 0, 2, 4, 6, 8, 12, 16, 20, 24 ]
15299	[ 0, 2, 4, 8, 12, 16, 20, 24 ]
15313	[ 0, 4, 8, 12, 16, 20, 24 ]
15321	[ 0, 2, 4, 6, 8, 12, 16, 20, 24 ]
15326	[ 0, 4, 8, 12, 16, 20, 24 ]
15328	[ 0, 2, 4, 8, 12, 16, 20, 24 ]
15331	[ 0, 2, 4, 6, 8, 12, 16, 20, 24 ]
15333	[ 0, 4, 8, 12, 16, 20, 24 ]
15339	[ 0, 2, 4, 8, 12, 16, 20, 24 ]
15345	[ 0, 2, 4, 8, 12, 16, 20, 24 ]
15347	[ 0, 2, 4, 6, 8, 12, 16, 20, 24 ]
15351	[ 0, 4, 8, 12, 16, 20, 24 ]
15353	[ 0, 2, 4, 8, 12, 16, 20, 24 ]
15359	[ 0, 4, 8, 12, 16, 20, 24 ]
15361	[ 0, 2, 4, 6, 8, 10, 12, 16, 20, 24 ]
15362	[ 0, 4, 8, 12, 16, 20, 24 ]
15368	[ 0, 2, 4, 6, 8, 12, 16, 20, 24 ]
15369	[ 0, 2, 4, 6, 8, 12, 16, 20, 24 ]
15375	[ 0, 4, 8, 12, 16, 20, 24 ]
15377	[ 0, 2, 4, 8, 12, 16, 20, 24 ]
15378	[ 0, 2, 4, 8, 12, 16, 20, 24 ]
15380	[ 0, 4, 8, 12, 16, 20, 24 ]
15381	[ 0, 4, 8, 12, 16, 20, 24 ]
15383	[ 0, 2, 4, 8, 12, 16, 20, 24 ]
15385	[ 0, 2, 4, 8, 12, 16, 20, 24 ]
15386	[ 0, 4, 8, 12, 16, 20, 24 ]
15392	[ 0, 2, 4, 6, 8, 12, 16, 20, 24 ]
15393	[ 0, 2, 4, 6, 8, 12, 16, 20, 24 ]
15398	[ 0, 2, 4, 6, 8, 12, 16, 20, 24 ]
15400	[ 0, 2, 4, 6, 8, 12, 16, 20, 24 ]
15402	[ 0, 2, 4, 6, 8, 12, 16, 20, 24 ]
15403	[ 0, 2, 4, 8, 12, 16, 20, 24 ]
15404	[ 0, 4, 8, 12, 16, 20, 24 ]
15406	[ 0, 4, 6, 8, 12, 16, 20, 24 ]
15408	[ 0, 2, 4, 8, 12, 16, 20, 24 ]
15410	[ 0, 4, 8, 12, 16, 20, 24 ]
15411	[ 0, 2, 4, 6, 8, 12, 16, 20, 24 ]
15413	[ 0, 4, 6, 8, 12, 16, 20, 24 ]
15414	[ 0, 2, 4, 6, 8, 12, 16, 20, 24 ]
15417	[ 0, 2, 4, 6, 8, 12, 16, 20, 24 ]
15418	[ 0, 2, 4, 8, 12, 16, 20, 24 ]
15420	[ 0, 2, 4, 8, 12, 16, 20, 24 ]
15421	[ 0, 4, 6, 8, 12, 16, 20, 24 ]
15426	[ 0, 4, 8, 12, 16, 20, 24 ]
15435	[ 0, 4, 6, 8, 12, 16, 20, 24 ]
15436	[ 0, 2, 4, 6, 8, 12, 16, 20, 24 ]
15437	[ 0, 2, 4, 6, 8, 12, 16, 20, 24 ]
15438	[ 0, 4, 8, 12, 16, 20, 24 ]
15441	[ 0, 4, 8, 12, 16, 20, 24 ]
15443	[ 0, 2, 4, 6, 8, 12, 16, 20, 24 ]
15446	[ 0, 4, 8, 12, 16, 20, 24 ]
15467	[ 0, 2, 4, 6, 8, 10, 12, 14, 16, 20, 24 ]
15476	[ 0, 4, 6, 8, 10, 12, 14, 16, 20, 24 ]
15481	[ 0, 4, 6, 8, 10, 12, 14, 16, 20, 24 ]
15487	[ 0, 2, 4, 6, 8, 10, 12, 14, 16, 20, 24 ]
15488	[ 0, 4, 8, 12, 16, 20, 24 ]
15491	[ 0, 4, 6, 8, 10, 12, 14, 16, 20, 24 ]
15492	[ 0, 4, 8, 12, 16, 20, 24 ]
15510	[ 0, 2, 4, 6, 8, 10, 12, 14, 16, 18, 20, 24 ]
15511	[ 0, 4, 8, 12, 16, 20, 24 ]
15512	[ 0, 2, 4, 6, 8, 10, 12, 14, 16, 18, 20, 24 ]
15515	[ 0, 4, 6, 8, 10, 12, 14, 16, 20, 24 ]
15516	[ 0, 4, 8, 12, 16, 20, 24 ]
15518	[ 0, 4, 8, 12, 16, 20, 24 ]
15519	[ 0, 2, 4, 6, 8, 10, 12, 16, 20, 24 ]
15522	[ 0, 2, 4, 6, 8, 12, 16, 20, 24 ]
15524	[ 0, 2, 4, 6, 8, 12, 16, 20, 24 ]
15526	[ 0, 2, 4, 6, 8, 12, 16, 20, 24 ]
15528	[ 0, 2, 4, 6, 8, 12, 16, 20, 24 ]
15529	[ 0, 4, 8, 12, 16, 20, 24 ]
15531	[ 0, 4, 8, 12, 16, 20, 24 ]
15541	[ 0, 2, 4, 6, 8, 12, 16, 20, 24 ]
15542	[ 0, 2, 4, 6, 8, 12, 16, 20, 24 ]
15543	[ 0, 2, 4, 6, 8, 12, 16, 20, 24 ]
15544	[ 0, 2, 4, 6, 8, 12, 16, 20, 24 ]
15549	[ 0, 2, 4, 6, 8, 12, 16, 20, 24 ]
15550	[ 0, 2, 4, 6, 8, 12, 16, 20, 24 ]
15553	[ 0, 2, 4, 6, 8, 12, 16, 20, 24 ]
15554	[ 0, 2, 4, 6, 8, 12, 16, 20, 24 ]
15573	[ 0, 4, 8, 12, 16, 20, 24 ]
15574	[ 0, 4, 8, 12, 16, 20, 24 ]
15575	[ 0, 4, 8, 12, 16, 20, 24 ]
15580	[ 0, 4, 8, 12, 16, 20, 24 ]
15581	[ 0, 4, 8, 12, 16, 20, 24 ]
15582	[ 0, 4, 8, 12, 16, 20, 24 ]
15584	[ 0, 4, 8, 12, 16, 20, 24 ]
15586	[ 0, 4, 8, 12, 16, 20, 24 ]
15590	[ 0, 2, 4, 8, 12, 16, 20, 24 ]
15592	[ 0, 4, 8, 12, 16, 20, 24 ]
15598	[ 0, 4, 8, 12, 16, 20, 24 ]
15602	[ 0, 4, 8, 12, 16, 20, 24 ]
15616	[ 0, 2, 4, 6, 8, 12, 16, 20, 24 ]
15621	[ 0, 2, 4, 6, 8, 12, 16, 20, 24 ]
15622	[ 0, 2, 4, 6, 8, 12, 16, 20, 24 ]
15628	[ 0, 2, 4, 8, 12, 16, 20, 24 ]
15631	[ 0, 2, 4, 6, 8, 12, 16, 20, 24 ]
15633	[ 0, 2, 4, 6, 8, 12, 16, 20, 24 ]
15636	[ 0, 2, 4, 8, 12, 16, 20, 24 ]
15637	[ 0, 2, 4, 8, 12, 16, 20, 24 ]
15638	[ 0, 2, 4, 8, 12, 16, 20, 24 ]
15640	[ 0, 2, 4, 8, 12, 16, 20, 24 ]
15641	[ 0, 2, 4, 8, 12, 16, 20, 24 ]
15642	[ 0, 2, 4, 8, 12, 16, 20, 24 ]
15651	[ 0, 2, 4, 6, 8, 12, 16, 20, 24 ]
15652	[ 0, 2, 4, 6, 8, 12, 16, 20, 24 ]
15653	[ 0, 2, 4, 6, 8, 12, 16, 20, 24 ]
15659	[ 0, 2, 4, 6, 8, 12, 16, 20, 24 ]
15660	[ 0, 2, 4, 6, 8, 12, 16, 20, 24 ]
15661	[ 0, 2, 4, 6, 8, 12, 16, 20, 24 ]
15662	[ 0, 2, 4, 6, 8, 12, 16, 20, 24 ]
15670	[ 0, 2, 4, 6, 8, 12, 16, 20, 24 ]
15673	[ 0, 2, 4, 6, 8, 12, 16, 20, 24 ]
15674	[ 0, 4, 8, 12, 16, 20, 24 ]
15677	[ 0, 4, 8, 12, 16, 20, 24 ]
15720	[ 0, 4, 8, 12, 16, 20, 24 ]
15758	[ 0, 4, 8, 12, 16, 20, 24 ]
15763	[ 0, 4, 8, 12, 16, 20, 24 ]
15770	[ 0, 2, 4, 8, 12, 16, 20, 24 ]
15771	[ 0, 2, 4, 8, 12, 16, 20, 24 ]
15772	[ 0, 2, 4, 8, 12, 16, 20, 24 ]
15775	[ 0, 4, 8, 12, 16, 20, 24 ]
15776	[ 0, 4, 8, 12, 16, 20, 24 ]
15779	[ 0, 4, 8, 12, 16, 20, 24 ]
15787	[ 0, 4, 8, 12, 16, 20, 24 ]
15845	[ 0, 4, 6, 8, 12, 16, 24 ]
15851	[ 0, 2, 4, 8, 12, 16, 24 ]
15857	[ 0, 4, 6, 8, 12, 16, 24 ]
15863	[ 0, 4, 6, 8, 12, 16, 24 ]
15868	[ 0, 4, 8, 12, 16, 24 ]
15876	[ 0, 4, 8, 12, 16, 24 ]
15880	[ 0, 4, 8, 12, 16, 24 ]
15884	[ 0, 4, 8, 12, 16, 24 ]
15891	[ 0, 2, 6, 8, 16, 24 ]
15892	[ 0, 2, 4, 6, 8, 16, 24 ]
15894	[ 0, 2, 4, 6, 8, 10, 12, 16, 24 ]
15895	[ 0, 4, 8, 12, 16, 24 ]
15896	[ 0, 4, 8, 12, 16, 24 ]
15900	[ 0, 2, 4, 6, 8, 10, 12, 16, 24 ]
15901	[ 0, 2, 4, 6, 8, 10, 12, 14, 16, 18, 24 ]
15902	[ 0, 2, 4, 6, 8, 10, 12, 14, 16, 18, 24 ]
15904	[ 0, 4, 8, 12, 16, 24 ]
15908	[ 0, 2, 4, 8, 12, 16, 24 ]
15910	[ 0, 2, 4, 8, 12, 16, 24 ]
15915	[ 0, 2, 6, 8, 10, 16, 24 ]
15922	[ 0, 2, 6, 8, 16, 24 ]
15923	[ 0, 2, 6, 8, 16, 24 ]
15924	[ 0, 2, 4, 6, 8, 10, 12, 16, 24 ]
15926	[ 0, 4, 8, 12, 16, 24 ]
15927	[ 0, 4, 8, 12, 16, 24 ]
15932	[ 0, 4, 8, 16, 24 ]
15935	[ 0, 4, 8, 16, 24 ]
15937	[ 0, 4, 8, 16, 24 ]
15941	[ 0, 4, 8, 12, 16, 24 ]
15942	[ 0, 4, 8, 12, 16, 24 ]
15944	[ 0, 4, 8, 12, 16, 24 ]
15945	[ 0, 4, 8, 12, 16, 24 ]
15947	[ 0, 4, 8, 12, 16, 24 ]
15956	[ 0, 4, 8, 12, 16, 24 ]
15957	[ 0, 4, 8, 12, 16, 24 ]
15958	[ 0, 4, 8, 12, 16, 24 ]
15959	[ 0, 4, 8, 12, 16, 24 ]
15961	[ 0, 4, 8, 12, 16, 24 ]
15963	[ 0, 4, 8, 12, 16, 24 ]
15964	[ 0, 4, 8, 12, 16, 24 ]
15966	[ 0, 2, 6, 8, 10, 16, 24 ]
15967	[ 0, 2, 4, 6, 8, 10, 16, 24 ]
15969	[ 0, 2, 4, 6, 8, 10, 12, 14, 16, 18, 24 ]
15975	[ 0, 2, 4, 6, 8, 10, 12, 14, 16, 24 ]
15978	[ 0, 4, 8, 12, 16, 24 ]
16003	[ 0, 4, 8, 12, 16, 20, 24 ]
16029	[ 0, 4, 8, 12, 16, 24 ]
16030	[ 0, 4, 8, 12, 16, 24 ]
16152	[ 0, 4, 8, 12, 16, 20, 24 ]
16154	[ 0, 4, 8, 12, 16, 20, 24 ]
16185	[ 0, 4, 8, 12, 16, 20, 24 ]
16188	[ 0, 4, 8, 12, 16, 20, 24 ]
16204	[ 0, 2, 4, 6, 8, 10, 12, 16, 20, 24 ]
16220	[ 0, 2, 4, 6, 8, 10, 12, 16, 20, 24 ]
16222	[ 0, 2, 4, 6, 8, 10, 12, 16, 20, 24 ]
16225	[ 0, 2, 4, 6, 8, 10, 12, 16, 20, 24 ]
16226	[ 0, 2, 4, 6, 8, 10, 12, 16, 20, 24 ]
16245	[ 0, 2, 4, 6, 8, 12, 16, 20, 24 ]
16248	[ 0, 4, 8, 12, 16, 20, 24 ]
16249	[ 0, 4, 8, 12, 16, 20, 24 ]
16251	[ 0, 4, 8, 12, 16, 20, 24 ]
16253	[ 0, 4, 8, 12, 16, 20, 24 ]
16264	[ 0, 4, 8, 12, 16, 20, 24 ]
16265	[ 0, 4, 8, 12, 16, 20, 24 ]
16268	[ 0, 4, 8, 12, 16, 20, 24 ]
16269	[ 0, 4, 8, 12, 16, 20, 24 ]
16291	[ 0, 4, 8, 12, 16, 20, 24 ]
16295	[ 0, 4, 8, 12, 16, 20, 24 ]
16297	[ 0, 4, 8, 12, 16, 20, 24 ]
16300	[ 0, 4, 8, 12, 16, 20, 24 ]
16303	[ 0, 4, 8, 12, 16, 20, 24 ]
16306	[ 0, 4, 8, 12, 16, 20, 24 ]
16307	[ 0, 4, 8, 12, 16, 20, 24 ]
16311	[ 0, 4, 8, 12, 16, 20, 24 ]
16312	[ 0, 4, 8, 12, 16, 20, 24 ]
16313	[ 0, 4, 8, 12, 16, 20, 24 ]
16315	[ 0, 2, 4, 6, 8, 12, 16, 20, 24 ]
16317	[ 0, 4, 8, 12, 16, 20, 24 ]
16321	[ 0, 4, 8, 12, 16, 20, 24 ]
16326	[ 0, 4, 8, 12, 16, 20, 24 ]
16328	[ 0, 4, 8, 12, 16, 20, 24 ]
16329	[ 0, 4, 8, 12, 16, 20, 24 ]
16331	[ 0, 4, 8, 12, 16, 20, 24 ]
16332	[ 0, 4, 8, 12, 16, 20, 24 ]
16335	[ 0, 4, 8, 12, 16, 20, 24 ]
16345	[ 0, 4, 8, 12, 16, 20, 24 ]
16348	[ 0, 4, 8, 12, 16, 20, 24 ]
16352	[ 0, 4, 8, 12, 16, 20, 24 ]
16358	[ 0, 2, 4, 6, 8, 10, 12, 14, 16, 18, 24 ]
16377	[ 0, 2, 4, 6, 8, 12, 16, 24 ]
16378	[ 0, 2, 4, 6, 8, 12, 16, 24 ]
16381	[ 0, 2, 4, 6, 8, 12, 16, 24 ]
16394	[ 0, 4, 8, 12, 16, 24 ]
16395	[ 0, 4, 8, 12, 16, 24 ]
16399	[ 0, 4, 8, 12, 16, 24 ]
16401	[ 0, 4, 8, 12, 16, 24 ]
16428	[ 0, 2, 6, 8, 16, 24 ]
16430	[ 0, 2, 6, 8, 16, 24 ]
16432	[ 0, 4, 8, 12, 16, 24 ]
16433	[ 0, 4, 8, 12, 16, 24 ]
16436	[ 0, 2, 4, 6, 8, 10, 12, 16, 24 ]
16438	[ 0, 2, 4, 6, 8, 10, 12, 16, 24 ]
16446	[ 0, 4, 8, 16, 24 ]
16448	[ 0, 4, 8, 16, 24 ]
16451	[ 0, 4, 8, 16, 24 ]
16456	[ 0, 4, 8, 12, 16, 24 ]
16460	[ 0, 4, 8, 12, 16, 24 ]
16464	[ 0, 4, 8, 12, 16, 24 ]
16468	[ 0, 4, 8, 12, 16, 24 ]
16470	[ 0, 4, 8, 12, 16, 24 ]
16477	[ 0, 4, 8, 12, 16, 24 ]
16480	[ 0, 4, 8, 16, 24 ]
16484	[ 0, 4, 8, 12, 16, 24 ]
16489	[ 0, 2, 4, 6, 8, 10, 12, 16, 24 ]
16492	[ 0, 2, 6, 8, 10, 16, 24 ]
16493	[ 0, 2, 4, 6, 8, 10, 16, 24 ]
16495	[ 0, 2, 4, 6, 8, 10, 12, 14, 16, 24 ]
16497	[ 0, 2, 4, 6, 8, 10, 12, 14, 16, 24 ]
16504	[ 0, 2, 6, 8, 10, 16, 24 ]
16505	[ 0, 2, 6, 8, 10, 16, 24 ]
16506	[ 0, 2, 4, 6, 8, 10, 12, 14, 16, 24 ]
16507	[ 0, 2, 4, 6, 8, 10, 12, 14, 16, 24 ]
16537	[ 0, 2, 4, 6, 8, 12, 16, 24 ]
16538	[ 0, 2, 4, 6, 8, 12, 16, 24 ]
16546	[ 0, 4, 8, 12, 16, 24 ]
16549	[ 0, 4, 8, 12, 16, 24 ]
16567	[ 0, 6, 8, 16, 24 ]
16571	[ 0, 2, 8, 16, 24 ]
16601	[ 0, 4, 8, 12, 16, 24 ]
16603	[ 0, 4, 8, 12, 16, 24 ]
16612	[ 0, 4, 8, 12, 16, 24 ]
16614	[ 0, 4, 8, 12, 16, 24 ]
16615	[ 0, 4, 8, 12, 16, 24 ]
16747	[ 0, 4, 8, 12, 16, 20, 24 ]
16752	[ 0, 4, 8, 12, 16, 20, 24 ]
16827	[ 0, 2, 4, 6, 8, 12, 16, 20, 24 ]
16828	[ 0, 2, 4, 6, 8, 12, 16, 20, 24 ]
16829	[ 0, 2, 4, 6, 8, 12, 16, 20, 24 ]
16848	[ 0, 4, 6, 8, 12, 16, 20, 24 ]
16854	[ 0, 4, 8, 12, 16, 20, 24 ]
16856	[ 0, 4, 8, 12, 16, 20, 24 ]
16857	[ 0, 2, 4, 6, 8, 12, 16, 20, 24 ]
16859	[ 0, 4, 8, 12, 16, 20, 24 ]
16861	[ 0, 4, 8, 12, 16, 20, 24 ]
16862	[ 0, 4, 8, 12, 16, 20, 24 ]
16864	[ 0, 4, 8, 12, 16, 20, 24 ]
16871	[ 0, 4, 8, 12, 16, 20, 24 ]
16902	[ 0, 4, 8, 12, 16, 20, 24 ]
16905	[ 0, 4, 8, 12, 16, 20, 24 ]
16908	[ 0, 2, 4, 6, 8, 12, 16, 20, 24 ]
16910	[ 0, 2, 4, 6, 8, 12, 16, 20, 24 ]
16922	[ 0, 4, 8, 12, 16, 20, 24 ]
16924	[ 0, 4, 8, 12, 16, 20, 24 ]
16932	[ 0, 4, 8, 12, 16, 20, 24 ]
16933	[ 0, 4, 8, 12, 16, 20, 24 ]
16934	[ 0, 4, 8, 12, 16, 20, 24 ]
16935	[ 0, 4, 8, 12, 16, 20, 24 ]
16939	[ 0, 4, 8, 12, 16, 20, 24 ]
16941	[ 0, 2, 4, 6, 8, 12, 16, 20, 24 ]
16949	[ 0, 2, 4, 6, 8, 12, 16, 20, 24 ]
16951	[ 0, 2, 4, 6, 8, 12, 16, 20, 24 ]
16969	[ 0, 2, 4, 6, 8, 12, 16, 20, 24 ]
16974	[ 0, 4, 8, 12, 16, 20, 24 ]
16975	[ 0, 4, 8, 12, 16, 20, 24 ]
16978	[ 0, 4, 8, 12, 16, 20, 24 ]
16979	[ 0, 2, 4, 6, 8, 10, 12, 16, 20, 24 ]
17004	[ 0, 4, 8, 12, 16, 20, 24 ]
17006	[ 0, 4, 8, 12, 16, 20, 24 ]
17008	[ 0, 4, 8, 12, 16, 20, 24 ]
17010	[ 0, 4, 8, 12, 16, 20, 24 ]
17013	[ 0, 2, 4, 6, 8, 12, 16, 20, 24 ]
17039	[ 0, 4, 8, 12, 16, 20, 24 ]
17040	[ 0, 4, 8, 12, 16, 20, 24 ]
17043	[ 0, 2, 4, 6, 8, 12, 16, 20, 24 ]
17049	[ 0, 2, 4, 6, 8, 12, 16, 20, 24 ]
17050	[ 0, 2, 4, 6, 8, 12, 16, 20, 24 ]
17068	[ 0, 2, 4, 6, 8, 10, 12, 14, 16, 18, 20, 24 ]
17104	[ 0, 2, 4, 6, 8, 10, 12, 14, 16, 18, 20, 24 ]
17109	[ 0, 2, 4, 6, 8, 10, 12, 14, 16, 18, 20, 24 ]
17156	[ 0, 2, 4, 6, 8, 10, 12, 14, 16, 18, 20, 24 ]
17225	[ 0, 4, 8, 12, 16, 20, 24 ]
17226	[ 0, 4, 8, 12, 16, 20, 24 ]
17230	[ 0, 2, 4, 6, 8, 12, 16, 20, 24 ]
17231	[ 0, 4, 8, 12, 16, 20, 24 ]
17239	[ 0, 2, 4, 8, 12, 16, 20, 24 ]
17247	[ 0, 2, 4, 6, 8, 12, 16, 20, 24 ]
17250	[ 0, 2, 4, 8, 12, 16, 20, 24 ]
17253	[ 0, 2, 4, 8, 12, 16, 20, 24 ]
17255	[ 0, 4, 8, 12, 16, 20, 24 ]
17259	[ 0, 4, 8, 12, 16, 20, 24 ]
17271	[ 0, 2, 4, 6, 8, 12, 16, 20, 24 ]
17283	[ 0, 4, 8, 12, 16, 20, 24 ]
17284	[ 0, 4, 8, 12, 16, 20, 24 ]
17288	[ 0, 4, 8, 12, 16, 20, 24 ]
17290	[ 0, 4, 8, 12, 16, 20, 24 ]
17292	[ 0, 4, 8, 12, 16, 20, 24 ]
17310	[ 0, 2, 4, 6, 8, 12, 16, 20, 24 ]
17311	[ 0, 2, 4, 8, 12, 16, 20, 24 ]
17313	[ 0, 2, 4, 6, 8, 12, 16, 20, 24 ]
17317	[ 0, 4, 8, 12, 16, 20, 24 ]
17324	[ 0, 2, 4, 6, 8, 12, 16, 20, 24 ]
17326	[ 0, 4, 8, 12, 16, 20, 24 ]
17341	[ 0, 2, 4, 6, 8, 12, 16, 20, 24 ]
17346	[ 0, 4, 8, 12, 16, 20, 24 ]
17348	[ 0, 2, 4, 6, 8, 12, 16, 20, 24 ]
17357	[ 0, 2, 4, 8, 12, 16, 20, 24 ]
17363	[ 0, 2, 4, 6, 8, 12, 16, 20, 24 ]
17364	[ 0, 4, 8, 12, 16, 20, 24 ]
17369	[ 0, 2, 4, 6, 8, 12, 16, 20, 24 ]
17375	[ 0, 2, 4, 6, 8, 12, 16, 20, 24 ]
17381	[ 0, 2, 4, 6, 8, 12, 16, 20, 24 ]
17384	[ 0, 4, 6, 8, 12, 16, 20, 24 ]
17387	[ 0, 4, 6, 8, 12, 16, 20, 24 ]
17399	[ 0, 4, 8, 12, 16, 20, 24 ]
17402	[ 0, 2, 4, 6, 8, 12, 16, 20, 24 ]
17403	[ 0, 2, 4, 8, 12, 16, 20, 24 ]
17417	[ 0, 2, 4, 6, 8, 12, 16, 20, 24 ]
17425	[ 0, 4, 6, 8, 12, 16, 20, 24 ]
17426	[ 0, 2, 4, 6, 8, 12, 16, 20, 24 ]
17434	[ 0, 4, 8, 12, 16, 20, 24 ]
17435	[ 0, 4, 8, 12, 16, 20, 24 ]
17436	[ 0, 4, 8, 12, 16, 20, 24 ]
17438	[ 0, 2, 4, 6, 8, 12, 16, 20, 24 ]
17441	[ 0, 4, 8, 12, 16, 20, 24 ]
17442	[ 0, 2, 4, 6, 8, 12, 16, 20, 24 ]
17443	[ 0, 2, 4, 6, 8, 12, 16, 20, 24 ]
17448	[ 0, 2, 4, 6, 8, 12, 16, 20, 24 ]
17450	[ 0, 4, 8, 12, 16, 20, 24 ]
17451	[ 0, 2, 4, 6, 8, 12, 16, 20, 24 ]
17456	[ 0, 2, 4, 6, 8, 12, 16, 20, 24 ]
17457	[ 0, 2, 4, 6, 8, 12, 16, 20, 24 ]
17458	[ 0, 2, 4, 6, 8, 12, 16, 20, 24 ]
17460	[ 0, 4, 8, 12, 16, 20, 24 ]
17466	[ 0, 4, 8, 12, 16, 20, 24 ]
17468	[ 0, 2, 4, 6, 8, 12, 16, 20, 24 ]
17470	[ 0, 4, 8, 12, 16, 20, 24 ]
17477	[ 0, 4, 6, 8, 10, 12, 14, 16, 20, 24 ]
17478	[ 0, 4, 8, 12, 16, 20, 24 ]
17484	[ 0, 4, 8, 12, 16, 20, 24 ]
17488	[ 0, 4, 8, 12, 16, 20, 24 ]
17489	[ 0, 2, 4, 6, 8, 12, 16, 20, 24 ]
17499	[ 0, 4, 8, 12, 16, 20, 24 ]
17500	[ 0, 2, 4, 6, 8, 12, 16, 20, 24 ]
17503	[ 0, 2, 4, 6, 8, 12, 16, 20, 24 ]
17506	[ 0, 2, 4, 6, 8, 12, 16, 20, 24 ]
17507	[ 0, 4, 8, 12, 16, 20, 24 ]
17514	[ 0, 2, 4, 8, 12, 16, 20, 24 ]
17521	[ 0, 4, 8, 12, 16, 20, 24 ]
17524	[ 0, 4, 8, 12, 16, 20, 24 ]
17525	[ 0, 4, 8, 12, 16, 20, 24 ]
17526	[ 0, 2, 4, 8, 12, 16, 20, 24 ]
17538	[ 0, 2, 4, 6, 8, 12, 16, 20, 24 ]
17543	[ 0, 4, 8, 12, 16, 20, 24 ]
17544	[ 0, 4, 8, 12, 16, 20, 24 ]
17546	[ 0, 4, 8, 12, 16, 20, 24 ]
17558	[ 0, 2, 4, 6, 8, 10, 12, 14, 16, 20, 24 ]
17564	[ 0, 2, 4, 6, 8, 10, 12, 14, 16, 20, 24 ]
17588	[ 0, 4, 8, 12, 16, 20, 24 ]
17597	[ 0, 4, 8, 12, 16, 20, 24 ]
17604	[ 0, 2, 4, 6, 8, 10, 12, 14, 16, 18, 20, 24 ]
17606	[ 0, 2, 4, 6, 8, 12, 16, 20, 24 ]
17609	[ 0, 2, 4, 6, 8, 12, 16, 20, 24 ]
17628	[ 0, 2, 4, 6, 8, 10, 12, 14, 16, 18, 20, 24 ]
17629	[ 0, 2, 4, 6, 8, 10, 12, 16, 20, 24 ]
17635	[ 0, 2, 4, 6, 8, 12, 16, 20, 24 ]
17638	[ 0, 4, 8, 12, 16, 20, 24 ]
17642	[ 0, 2, 4, 6, 8, 12, 16, 20, 24 ]
17645	[ 0, 4, 8, 12, 16, 20, 24 ]
17648	[ 0, 4, 8, 12, 16, 20, 24 ]
17649	[ 0, 2, 4, 6, 8, 10, 12, 16, 20, 24 ]
17652	[ 0, 2, 4, 6, 8, 10, 12, 16, 20, 24 ]
17667	[ 0, 4, 8, 12, 16, 20, 24 ]
17675	[ 0, 2, 4, 6, 8, 10, 12, 16, 20, 24 ]
17684	[ 0, 4, 8, 12, 16, 20, 24 ]
17723	[ 0, 2, 4, 8, 12, 16, 20, 24 ]
17726	[ 0, 4, 8, 12, 16, 20, 24 ]
17734	[ 0, 4, 8, 12, 16, 20, 24 ]
17743	[ 0, 4, 8, 12, 16, 20, 24 ]
17768	[ 0, 2, 4, 6, 8, 10, 12, 16, 20, 24 ]
17769	[ 0, 4, 8, 12, 16, 20, 24 ]
17770	[ 0, 2, 4, 6, 8, 10, 12, 14, 16, 18, 20, 24 ]
17772	[ 0, 4, 8, 12, 16, 20, 24 ]
17774	[ 0, 4, 8, 12, 16, 20, 24 ]
17777	[ 0, 2, 4, 6, 8, 12, 16, 24 ]
17785	[ 0, 4, 8, 12, 16, 24 ]
17798	[ 0, 4, 8, 12, 16, 24 ]
17801	[ 0, 2, 4, 6, 8, 10, 16, 24 ]
17802	[ 0, 2, 4, 6, 8, 10, 12, 16, 24 ]
17879	[ 0, 4, 8, 12, 16, 20, 24 ]
17882	[ 0, 4, 8, 12, 16, 20, 24 ]
17888	[ 0, 4, 8, 12, 16, 20, 24 ]
17893	[ 0, 2, 4, 8, 12, 16, 20, 24 ]
17894	[ 0, 2, 4, 8, 12, 16, 20, 24 ]
17913	[ 0, 4, 8, 12, 16, 24 ]
17914	[ 0, 4, 8, 12, 16, 24 ]
17934	[ 0, 8, 16, 24 ]
18016	[ 0, 2, 4, 8, 12, 16, 20, 24 ]
18019	[ 0, 4, 8, 12, 16, 20, 24 ]
18041	[ 0, 4, 8, 12, 16, 20, 24 ]
18072	[ 0, 4, 8, 12, 16, 20, 24 ]
18129	[ 0, 2, 4, 6, 8, 12, 16, 20, 24 ]
18131	[ 0, 2, 4, 6, 8, 12, 16, 20, 24 ]
18141	[ 0, 2, 4, 8, 12, 16, 20, 24 ]
18143	[ 0, 4, 8, 12, 16, 20, 24 ]
18147	[ 0, 2, 4, 6, 8, 12, 16, 20, 24 ]
18149	[ 0, 2, 4, 6, 8, 12, 16, 20, 24 ]
18153	[ 0, 2, 4, 6, 8, 12, 16, 20, 24 ]
18154	[ 0, 2, 4, 6, 8, 12, 16, 20, 24 ]
18161	[ 0, 4, 8, 12, 16, 20, 24 ]
18162	[ 0, 4, 8, 12, 16, 20, 24 ]
18166	[ 0, 4, 6, 8, 12, 16, 20, 24 ]
18167	[ 0, 4, 8, 12, 16, 20, 24 ]
18175	[ 0, 2, 4, 6, 8, 10, 12, 16, 20, 24 ]
18178	[ 0, 2, 4, 6, 8, 12, 16, 20, 24 ]
18180	[ 0, 4, 8, 12, 16, 20, 24 ]
18187	[ 0, 4, 8, 12, 16, 20, 24 ]
18188	[ 0, 4, 8, 12, 16, 20, 24 ]
18193	[ 0, 2, 4, 6, 8, 10, 12, 14, 16, 20, 24 ]
18208	[ 0, 4, 6, 8, 10, 12, 14, 16, 20, 24 ]
18211	[ 0, 2, 4, 6, 8, 10, 12, 16, 20, 24 ]
18216	[ 0, 2, 4, 6, 8, 12, 16, 20, 24 ]
18219	[ 0, 4, 8, 12, 16, 20, 24 ]
18220	[ 0, 4, 8, 12, 16, 20, 24 ]
18221	[ 0, 4, 8, 12, 16, 20, 24 ]
18263	[ 0, 4, 8, 12, 16, 20, 24 ]
18311	[ 0, 4, 6, 8, 12, 16, 24 ]
18325	[ 0, 2, 4, 6, 8, 10, 12, 16, 24 ]
18327	[ 0, 2, 4, 6, 8, 10, 12, 16, 24 ]
18330	[ 0, 2, 4, 6, 8, 10, 12, 14, 16, 24 ]
18348	[ 0, 4, 8, 12, 16, 20, 24 ]
18349	[ 0, 4, 8, 12, 16, 24 ]
18350	[ 0, 4, 8, 12, 16, 24 ]
18351	[ 0, 4, 8, 12, 16, 24 ]
18352	[ 0, 4, 8, 12, 16, 24 ]
18356	[ 0, 4, 8, 12, 16, 24 ]
18357	[ 0, 4, 8, 12, 16, 24 ]
18358	[ 0, 8, 16, 24 ]
18399	[ 0, 4, 8, 12, 16, 24 ]
18411	[ 0, 2, 4, 6, 8, 12, 14, 16, 24 ]
18441	[ 0, 8, 24 ]
18519	[ 0, 4, 8, 12, 16, 20, 24 ]
18524	[ 0, 4, 8, 12, 16, 20, 24 ]
18585	[ 0, 4, 6, 8, 10, 12, 14, 16, 18, 20, 24 ]
18588	[ 0, 2, 4, 6, 8, 10, 12, 14, 16, 18, 20, 24 ]
18635	[ 0, 4, 8, 12, 16, 20, 24 ]
18636	[ 0, 4, 8, 12, 16, 20, 24 ]
18642	[ 0, 2, 4, 6, 8, 12, 16, 20, 24 ]
18643	[ 0, 2, 4, 6, 8, 12, 16, 20, 24 ]
18644	[ 0, 2, 4, 6, 8, 10, 12, 16, 20, 24 ]
18645	[ 0, 2, 4, 6, 8, 10, 12, 14, 16, 20, 24 ]
18662	[ 0, 2, 4, 6, 8, 12, 16, 20, 24 ]
18663	[ 0, 2, 4, 6, 8, 12, 16, 20, 24 ]
18664	[ 0, 2, 4, 6, 8, 12, 16, 20, 24 ]
18665	[ 0, 2, 4, 6, 8, 12, 16, 20, 24 ]
18666	[ 0, 2, 4, 6, 8, 12, 16, 20, 24 ]
18667	[ 0, 2, 4, 6, 8, 12, 16, 20, 24 ]
18685	[ 0, 2, 4, 6, 8, 12, 16, 20, 24 ]
18697	[ 0, 2, 4, 6, 8, 12, 16, 20, 24 ]
18699	[ 0, 4, 8, 12, 16, 20, 24 ]
18703	[ 0, 2, 4, 6, 8, 12, 16, 20, 24 ]
18705	[ 0, 2, 4, 6, 8, 12, 16, 20, 24 ]
18709	[ 0, 4, 6, 8, 12, 16, 20, 24 ]
18713	[ 0, 4, 6, 8, 12, 16, 20, 24 ]
18719	[ 0, 4, 8, 12, 16, 20, 24 ]
18737	[ 0, 4, 8, 12, 16, 20, 24 ]
18738	[ 0, 4, 8, 12, 16, 20, 24 ]
18739	[ 0, 4, 8, 12, 16, 20, 24 ]
18741	[ 0, 4, 8, 12, 16, 20, 24 ]
18742	[ 0, 4, 8, 12, 16, 20, 24 ]
18744	[ 0, 4, 8, 12, 16, 20, 24 ]
18764	[ 0, 4, 8, 12, 16, 20, 24 ]
18765	[ 0, 4, 8, 12, 16, 20, 24 ]
18768	[ 0, 2, 4, 8, 12, 16, 20, 24 ]
18769	[ 0, 2, 4, 8, 12, 16, 20, 24 ]
18771	[ 0, 4, 8, 12, 16, 20, 24 ]
18773	[ 0, 4, 8, 12, 16, 20, 24 ]
18774	[ 0, 4, 8, 12, 16, 20, 24 ]
18777	[ 0, 2, 4, 8, 12, 16, 20, 24 ]
18779	[ 0, 2, 4, 8, 12, 16, 20, 24 ]
18780	[ 0, 2, 4, 8, 12, 16, 20, 24 ]
18781	[ 0, 2, 4, 6, 8, 10, 12, 14, 16, 20, 24 ]
18786	[ 0, 2, 4, 6, 8, 12, 16, 20, 24 ]
18790	[ 0, 2, 4, 6, 8, 12, 16, 20, 24 ]
18791	[ 0, 2, 4, 6, 8, 12, 16, 20, 24 ]
18792	[ 0, 2, 4, 6, 8, 12, 16, 20, 24 ]
18793	[ 0, 2, 4, 6, 8, 12, 16, 20, 24 ]
18798	[ 0, 4, 8, 12, 16, 20, 24 ]
18800	[ 0, 4, 8, 12, 16, 20, 24 ]
18802	[ 0, 2, 4, 8, 12, 16, 20, 24 ]
18804	[ 0, 2, 4, 8, 12, 16, 20, 24 ]
18810	[ 0, 2, 4, 8, 12, 16, 20, 24 ]
18811	[ 0, 4, 8, 12, 16, 20, 24 ]
18812	[ 0, 2, 4, 8, 12, 16, 20, 24 ]
18818	[ 0, 2, 4, 6, 8, 12, 16, 20, 24 ]
18819	[ 0, 2, 4, 6, 8, 12, 16, 20, 24 ]
18820	[ 0, 2, 4, 6, 8, 12, 16, 20, 24 ]
18821	[ 0, 2, 4, 6, 8, 12, 16, 20, 24 ]
18830	[ 0, 2, 4, 6, 8, 12, 16, 20, 24 ]
18832	[ 0, 2, 4, 6, 8, 12, 16, 20, 24 ]
18833	[ 0, 2, 4, 6, 8, 12, 16, 20, 24 ]
18843	[ 0, 2, 4, 6, 8, 10, 12, 14, 16, 18, 20, 24 ]
18861	[ 0, 2, 4, 6, 8, 10, 12, 14, 16, 18, 20, 24 ]
18878	[ 0, 4, 8, 12, 16, 20, 24 ]
18880	[ 0, 4, 8, 12, 16, 20, 24 ]
18881	[ 0, 4, 8, 12, 16, 20, 24 ]
18883	[ 0, 4, 8, 12, 16, 20, 24 ]
18884	[ 0, 4, 8, 12, 16, 20, 24 ]
18885	[ 0, 4, 8, 12, 16, 20, 24 ]
18888	[ 0, 4, 8, 12, 16, 20, 24 ]
18890	[ 0, 2, 4, 6, 8, 10, 12, 14, 16, 20, 24 ]
18897	[ 0, 2, 4, 6, 8, 10, 12, 14, 16, 18, 20, 24 ]
18903	[ 0, 4, 6, 8, 12, 16, 20, 24 ]
18905	[ 0, 4, 8, 12, 16, 20, 24 ]
18906	[ 0, 2, 4, 6, 8, 12, 16, 20, 24 ]
18907	[ 0, 4, 8, 12, 16, 20, 24 ]
18908	[ 0, 2, 4, 6, 8, 10, 12, 14, 16, 20, 24 ]
18916	[ 0, 2, 4, 6, 8, 10, 12, 14, 16, 20, 24 ]
18917	[ 0, 4, 8, 12, 16, 20, 24 ]
18922	[ 0, 2, 4, 6, 8, 10, 12, 14, 16, 18, 20, 24 ]
18923	[ 0, 4, 8, 12, 16, 20, 24 ]
18924	[ 0, 4, 8, 12, 16, 20, 24 ]
18928	[ 0, 2, 4, 6, 8, 12, 16, 20, 24 ]
18930	[ 0, 4, 6, 8, 10, 12, 14, 16, 20, 24 ]
18931	[ 0, 2, 4, 6, 8, 10, 12, 14, 16, 20, 24 ]
18935	[ 0, 4, 8, 12, 16, 20, 24 ]
18941	[ 0, 4, 8, 12, 16, 20, 24 ]
18944	[ 0, 2, 4, 8, 12, 16, 20, 24 ]
18947	[ 0, 4, 6, 8, 10, 12, 14, 16, 20, 24 ]
18954	[ 0, 4, 8, 12, 16, 20, 24 ]
18961	[ 0, 2, 4, 8, 12, 16, 20, 24 ]
18963	[ 0, 4, 8, 12, 16, 20, 24 ]
18964	[ 0, 2, 4, 8, 12, 16, 20, 24 ]
18965	[ 0, 4, 8, 12, 16, 20, 24 ]
18966	[ 0, 2, 4, 8, 12, 16, 20, 24 ]
18967	[ 0, 2, 4, 6, 8, 12, 16, 20, 24 ]
18969	[ 0, 2, 4, 6, 8, 12, 16, 20, 24 ]
18970	[ 0, 4, 8, 12, 16, 20, 24 ]
18972	[ 0, 2, 4, 8, 12, 16, 20, 24 ]
18974	[ 0, 2, 4, 6, 8, 12, 16, 20, 24 ]
18975	[ 0, 4, 8, 12, 16, 20, 24 ]
18977	[ 0, 4, 8, 12, 16, 20, 24 ]
18982	[ 0, 2, 4, 6, 8, 10, 12, 16, 20, 24 ]
18983	[ 0, 2, 4, 6, 8, 12, 16, 20, 24 ]
18984	[ 0, 2, 4, 6, 8, 12, 16, 20, 24 ]
18985	[ 0, 2, 4, 6, 8, 12, 16, 20, 24 ]
18990	[ 0, 2, 4, 6, 8, 10, 12, 14, 16, 20, 24 ]
18997	[ 0, 2, 4, 6, 8, 10, 12, 14, 16, 18, 20, 24 ]
19000	[ 0, 2, 4, 8, 12, 16, 20, 24 ]
19003	[ 0, 4, 8, 12, 16, 20, 24 ]
19005	[ 0, 4, 8, 12, 16, 20, 24 ]
19007	[ 0, 2, 4, 6, 8, 10, 12, 14, 16, 18, 20, 24 ]
19008	[ 0, 2, 4, 6, 8, 10, 12, 16, 20, 24 ]
19009	[ 0, 4, 8, 12, 16, 20, 24 ]
19015	[ 0, 2, 4, 8, 12, 16, 20, 24 ]
19018	[ 0, 2, 4, 6, 8, 10, 12, 16, 20, 24 ]
19020	[ 0, 2, 4, 6, 8, 12, 16, 20, 24 ]
19022	[ 0, 2, 4, 6, 8, 12, 16, 20, 24 ]
19023	[ 0, 2, 4, 6, 8, 12, 16, 20, 24 ]
19024	[ 0, 2, 4, 6, 8, 12, 16, 20, 24 ]
19025	[ 0, 2, 4, 6, 8, 12, 16, 20, 24 ]
19171	[ 0, 4, 8, 12, 16, 20, 24 ]
19174	[ 0, 4, 8, 12, 16, 20, 24 ]
19189	[ 0, 4, 8, 12, 16, 20, 24 ]
19191	[ 0, 2, 4, 8, 12, 16, 20, 24 ]
19193	[ 0, 4, 8, 12, 16, 20, 24 ]
19195	[ 0, 4, 8, 12, 16, 20, 24 ]
19197	[ 0, 2, 4, 8, 12, 16, 20, 24 ]
19199	[ 0, 4, 8, 12, 16, 20, 24 ]
19205	[ 0, 4, 8, 12, 16, 20, 24 ]
19207	[ 0, 4, 8, 12, 16, 20, 24 ]
19209	[ 0, 2, 4, 6, 8, 10, 12, 16, 20, 24 ]
19211	[ 0, 2, 4, 6, 8, 10, 12, 16, 20, 24 ]
19223	[ 0, 4, 8, 12, 16, 24 ]
19225	[ 0, 4, 8, 12, 16, 24 ]
19226	[ 0, 4, 8, 12, 16, 24 ]
19227	[ 0, 4, 8, 12, 16, 20, 24 ]
19231	[ 0, 4, 8, 12, 16, 24 ]
19252	[ 0, 2, 4, 6, 8, 10, 12, 16, 20, 24 ]
19255	[ 0, 4, 8, 12, 16, 20, 24 ]
19257	[ 0, 4, 8, 12, 16, 20, 24 ]
19268	[ 0, 2, 6, 8, 10, 16, 24 ]
19320	[ 0, 2, 4, 6, 8, 10, 12, 14, 16, 20, 24 ]
19321	[ 0, 2, 4, 6, 8, 10, 12, 14, 16, 20, 24 ]
19324	[ 0, 2, 4, 6, 8, 10, 12, 16, 20, 24 ]
19327	[ 0, 2, 4, 6, 8, 12, 16, 20, 24 ]
19363	[ 0, 2, 4, 6, 8, 10, 12, 14, 16, 20, 24 ]
19364	[ 0, 2, 4, 6, 8, 10, 12, 16, 20, 24 ]
19366	[ 0, 2, 4, 6, 8, 10, 12, 14, 16, 20, 24 ]
19367	[ 0, 2, 4, 6, 8, 10, 12, 14, 16, 20, 24 ]
19368	[ 0, 2, 4, 6, 8, 10, 12, 16, 20, 24 ]
19371	[ 0, 2, 4, 6, 8, 10, 12, 14, 16, 20, 24 ]
19372	[ 0, 4, 8, 12, 16, 20, 24 ]
19392	[ 0, 2, 4, 6, 8, 10, 12, 14, 16, 18, 20, 24 ]
19395	[ 0, 2, 4, 6, 8, 10, 12, 14, 16, 18, 20, 24 ]
19404	[ 0, 4, 8, 12, 16, 20, 24 ]
19405	[ 0, 2, 4, 6, 8, 12, 16, 20, 24 ]
19406	[ 0, 4, 8, 12, 16, 20, 24 ]
19407	[ 0, 2, 4, 6, 8, 10, 12, 16, 20, 24 ]
19408	[ 0, 2, 4, 6, 8, 10, 12, 16, 20, 24 ]
19409	[ 0, 2, 4, 6, 8, 10, 12, 16, 20, 24 ]
19411	[ 0, 2, 4, 6, 8, 12, 16, 20, 24 ]
19412	[ 0, 2, 4, 6, 8, 12, 16, 20, 24 ]
19413	[ 0, 2, 4, 6, 8, 12, 16, 20, 24 ]
19416	[ 0, 4, 8, 12, 16, 20, 24 ]
19418	[ 0, 4, 8, 12, 16, 20, 24 ]
19420	[ 0, 2, 4, 6, 8, 10, 12, 14, 16, 20, 24 ]
19422	[ 0, 2, 4, 6, 8, 10, 12, 14, 16, 20, 24 ]
19426	[ 0, 2, 4, 6, 8, 10, 12, 14, 16, 20, 24 ]
19427	[ 0, 2, 4, 6, 8, 10, 12, 14, 16, 20, 24 ]
19430	[ 0, 2, 4, 6, 8, 10, 12, 14, 16, 20, 24 ]
19435	[ 0, 2, 4, 6, 8, 10, 12, 14, 16, 20, 24 ]
19436	[ 0, 2, 4, 6, 8, 12, 16, 20, 24 ]
19438	[ 0, 4, 8, 12, 16, 20, 24 ]
19439	[ 0, 4, 8, 12, 16, 20, 24 ]
19440	[ 0, 4, 8, 12, 16, 20, 24 ]
19441	[ 0, 4, 8, 12, 16, 20, 24 ]
19442	[ 0, 2, 4, 6, 8, 10, 12, 16, 20, 24 ]
19446	[ 0, 2, 4, 6, 8, 10, 12, 14, 16, 20, 24 ]
19454	[ 0, 2, 4, 6, 8, 10, 12, 14, 16, 20, 24 ]
19458	[ 0, 2, 4, 6, 8, 10, 12, 14, 16, 20, 24 ]
19499	[ 0, 4, 8, 12, 16, 20, 24 ]
19502	[ 0, 4, 8, 12, 16, 20, 24 ]
19530	[ 0, 2, 4, 6, 8, 10, 12, 16, 20, 24 ]
19535	[ 0, 4, 8, 12, 16, 20, 24 ]
19536	[ 0, 4, 8, 12, 16, 20, 24 ]
19539	[ 0, 4, 8, 12, 16, 20, 24 ]
19540	[ 0, 2, 4, 8, 12, 16, 20, 24 ]
19543	[ 0, 4, 8, 12, 16, 20, 24 ]
19544	[ 0, 4, 8, 12, 16, 20, 24 ]
19546	[ 0, 4, 8, 12, 16, 20, 24 ]
19548	[ 0, 4, 8, 12, 16, 20, 24 ]
19549	[ 0, 4, 8, 12, 16, 20, 24 ]
19551	[ 0, 4, 8, 12, 16, 20, 24 ]
19565	[ 0, 2, 4, 6, 8, 10, 12, 16, 20, 24 ]
19569	[ 0, 2, 4, 8, 12, 16, 20, 24 ]
19608	[ 0, 4, 8, 12, 16, 24 ]
19610	[ 0, 2, 4, 8, 12, 16, 24 ]
19686	[ 0, 2, 4, 6, 8, 10, 12, 14, 16, 20, 24 ]
19721	[ 0, 4, 8, 12, 16, 20, 24 ]
19723	[ 0, 4, 8, 12, 16, 20, 24 ]
19727	[ 0, 2, 4, 6, 8, 12, 16, 20, 24 ]
19754	[ 0, 4, 8, 12, 16, 20, 24 ]
19762	[ 0, 4, 8, 12, 16, 20, 24 ]
19764	[ 0, 4, 8, 12, 16, 20, 24 ]
19771	[ 0, 2, 4, 8, 12, 16, 20, 24 ]
19803	[ 0, 2, 4, 6, 8, 10, 12, 14, 16, 18, 20, 24 ]
19804	[ 0, 2, 4, 6, 8, 10, 12, 14, 16, 18, 20, 24 ]
19806	[ 0, 2, 4, 6, 8, 10, 12, 14, 16, 18, 20, 24 ]
19807	[ 0, 4, 6, 8, 10, 12, 14, 16, 18, 20, 24 ]
19836	[ 0, 2, 4, 6, 8, 12, 16, 20, 24 ]
19843	[ 0, 2, 4, 6, 8, 12, 16, 20, 24 ]
19847	[ 0, 2, 4, 6, 8, 12, 16, 20, 24 ]
19859	[ 0, 2, 4, 6, 8, 12, 16, 20, 24 ]
19861	[ 0, 2, 4, 6, 8, 12, 16, 20, 24 ]
19865	[ 0, 2, 4, 6, 8, 12, 16, 20, 24 ]
19870	[ 0, 2, 4, 6, 8, 12, 16, 20, 24 ]
19875	[ 0, 4, 8, 12, 16, 20, 24 ]
19876	[ 0, 4, 8, 12, 16, 20, 24 ]
19877	[ 0, 4, 8, 12, 16, 20, 24 ]
19878	[ 0, 4, 8, 12, 16, 20, 24 ]
19881	[ 0, 2, 4, 6, 8, 12, 16, 20, 24 ]
19895	[ 0, 4, 8, 12, 16, 20, 24 ]
19896	[ 0, 4, 8, 12, 16, 20, 24 ]
19897	[ 0, 4, 8, 12, 16, 20, 24 ]
19898	[ 0, 4, 8, 12, 16, 20, 24 ]
19899	[ 0, 4, 8, 12, 16, 20, 24 ]
19900	[ 0, 4, 8, 12, 16, 20, 24 ]
19901	[ 0, 4, 8, 12, 16, 20, 24 ]
19910	[ 0, 2, 4, 6, 8, 10, 12, 14, 16, 20, 24 ]
19912	[ 0, 2, 4, 6, 8, 10, 12, 14, 16, 18, 20, 24 ]
19913	[ 0, 2, 4, 6, 8, 10, 12, 14, 16, 18, 20, 24 ]
19914	[ 0, 2, 4, 6, 8, 10, 12, 14, 16, 18, 20, 24 ]
19919	[ 0, 2, 4, 6, 8, 10, 12, 16, 20, 24 ]
19929	[ 0, 4, 8, 12, 16, 20, 24 ]
19938	[ 0, 2, 4, 8, 12, 16, 20, 24 ]
19940	[ 0, 4, 8, 12, 16, 20, 24 ]
19945	[ 0, 4, 8, 12, 16, 20, 24 ]
19946	[ 0, 4, 8, 12, 16, 20, 24 ]
19949	[ 0, 4, 8, 12, 16, 20, 24 ]
19950	[ 0, 4, 8, 12, 16, 20, 24 ]
19960	[ 0, 2, 4, 6, 8, 10, 12, 14, 16, 18, 20, 24 ]
19964	[ 0, 2, 4, 6, 8, 12, 16, 20, 24 ]
19967	[ 0, 2, 4, 6, 8, 10, 12, 14, 16, 18, 20, 24 ]
19971	[ 0, 2, 4, 6, 8, 12, 16, 20, 24 ]
19975	[ 0, 2, 4, 6, 8, 10, 12, 14, 16, 18, 20, 24 ]
19979	[ 0, 2, 4, 6, 8, 10, 12, 14, 16, 18, 20, 24 ]
19980	[ 0, 2, 4, 6, 8, 10, 12, 14, 16, 18, 20, 24 ]
19984	[ 0, 2, 4, 6, 8, 10, 12, 14, 16, 18, 20, 24 ]
19990	[ 0, 2, 4, 6, 8, 10, 12, 14, 16, 18, 20, 24 ]
19991	[ 0, 2, 4, 6, 8, 10, 12, 14, 16, 18, 20, 24 ]
19995	[ 0, 2, 4, 6, 8, 10, 12, 14, 16, 18, 20, 24 ]
19996	[ 0, 2, 4, 6, 8, 10, 12, 14, 16, 18, 20, 24 ]
19997	[ 0, 2, 4, 6, 8, 10, 12, 14, 16, 18, 20, 24 ]
19998	[ 0, 2, 4, 6, 8, 10, 12, 14, 16, 18, 20, 24 ]
20003	[ 0, 2, 4, 6, 8, 10, 12, 14, 16, 20, 24 ]
20005	[ 0, 2, 4, 8, 12, 16, 20, 24 ]
20006	[ 0, 4, 8, 12, 16, 20, 24 ]
20009	[ 0, 2, 4, 6, 8, 10, 12, 14, 16, 18, 20, 24 ]
20014	[ 0, 2, 4, 6, 8, 10, 12, 14, 16, 18, 20, 24 ]
20015	[ 0, 4, 8, 12, 16, 20, 24 ]
20016	[ 0, 4, 8, 12, 16, 20, 24 ]
20021	[ 0, 4, 8, 12, 16, 20, 24 ]
20024	[ 0, 2, 4, 6, 8, 10, 12, 14, 16, 18, 20, 24 ]
20030	[ 0, 4, 8, 12, 16, 20, 24 ]
20031	[ 0, 4, 8, 12, 16, 20, 24 ]
20036	[ 0, 2, 4, 6, 8, 10, 12, 14, 16, 18, 20, 24 ]
20037	[ 0, 2, 4, 6, 8, 10, 12, 14, 16, 20, 24 ]
20040	[ 0, 2, 4, 6, 8, 10, 12, 16, 20, 24 ]
20041	[ 0, 2, 4, 6, 8, 10, 12, 16, 20, 24 ]
20043	[ 0, 2, 4, 6, 8, 10, 12, 14, 16, 18, 20, 24 ]
20051	[ 0, 4, 8, 12, 16, 20, 24 ]
20052	[ 0, 4, 8, 12, 16, 20, 24 ]
20053	[ 0, 4, 8, 12, 16, 20, 24 ]
20056	[ 0, 2, 4, 6, 8, 12, 16, 20, 24 ]
20057	[ 0, 2, 4, 6, 8, 12, 16, 20, 24 ]
20059	[ 0, 2, 4, 6, 8, 10, 12, 14, 16, 18, 20, 24 ]
20060	[ 0, 2, 4, 6, 8, 10, 12, 14, 16, 18, 20, 24 ]
20070	[ 0, 2, 4, 6, 8, 10, 12, 14, 16, 20, 24 ]
20071	[ 0, 2, 4, 6, 8, 10, 12, 14, 16, 20, 24 ]
20072	[ 0, 2, 4, 6, 8, 10, 12, 14, 16, 20, 24 ]
20074	[ 0, 2, 4, 6, 8, 10, 12, 14, 16, 20, 24 ]
20079	[ 0, 2, 4, 6, 8, 12, 16, 20, 24 ]
20081	[ 0, 2, 4, 6, 8, 12, 16, 20, 24 ]
20084	[ 0, 2, 4, 6, 8, 12, 16, 20, 24 ]
20091	[ 0, 2, 4, 6, 8, 10, 12, 16, 20, 24 ]
20094	[ 0, 2, 4, 6, 8, 10, 12, 14, 16, 18, 20, 24 ]
20314	[ 0, 2, 4, 6, 8, 12, 16, 20, 24 ]
20316	[ 0, 2, 4, 6, 8, 12, 16, 20, 24 ]
20324	[ 0, 2, 4, 6, 8, 12, 16, 20, 24 ]
20335	[ 0, 4, 8, 12, 16, 20, 24 ]
20336	[ 0, 2, 4, 6, 8, 10, 12, 16, 20, 24 ]
20337	[ 0, 2, 4, 6, 8, 10, 12, 16, 20, 24 ]
20340	[ 0, 4, 8, 12, 16, 20, 24 ]
20341	[ 0, 4, 8, 12, 16, 20, 24 ]
20348	[ 0, 4, 8, 12, 16, 20, 24 ]
20362	[ 0, 4, 8, 12, 16, 24 ]
20365	[ 0, 4, 8, 12, 16, 20, 24 ]
20367	[ 0, 8, 16, 24 ]
20413	[ 0, 8, 16, 24 ]
20414	[ 8, 16, 24 ]
20415	[ 0, 8, 16, 24 ]
20465	[ 0, 2, 4, 6, 8, 12, 16, 20, 24 ]
20479	[ 0, 2, 4, 6, 8, 10, 12, 14, 16, 18, 20, 24 ]
20484	[ 0, 2, 4, 6, 8, 10, 12, 14, 16, 20, 24 ]
20491	[ 0, 2, 4, 6, 8, 10, 12, 14, 16, 20, 24 ]
20532	[ 0, 2, 4, 6, 8, 10, 12, 16, 20, 24 ]
20534	[ 0, 4, 8, 12, 16, 20, 24 ]
20540	[ 0, 4, 8, 12, 16, 20, 24 ]
20541	[ 0, 4, 8, 12, 16, 20, 24 ]
20543	[ 0, 4, 8, 12, 16, 20, 24 ]
20545	[ 0, 4, 8, 12, 16, 20, 24 ]
20552	[ 0, 4, 8, 12, 16, 20, 24 ]
20562	[ 0, 2, 4, 6, 8, 10, 12, 16, 20, 24 ]
20563	[ 0, 2, 4, 6, 8, 10, 12, 16, 20, 24 ]
20564	[ 0, 4, 8, 12, 16, 20, 24 ]
20566	[ 0, 4, 8, 12, 16, 20, 24 ]
20568	[ 0, 4, 8, 12, 16, 20, 24 ]
20571	[ 0, 4, 8, 12, 16, 20, 24 ]
20572	[ 0, 4, 8, 12, 16, 20, 24 ]
20573	[ 0, 4, 8, 12, 16, 20, 24 ]
20574	[ 0, 4, 8, 12, 16, 20, 24 ]
20577	[ 0, 4, 8, 12, 16, 20, 24 ]
20579	[ 0, 4, 8, 12, 16, 20, 24 ]
20581	[ 0, 4, 8, 12, 16, 20, 24 ]
20584	[ 0, 4, 8, 12, 16, 20, 24 ]
20597	[ 0, 4, 8, 12, 16, 20, 24 ]
20598	[ 0, 4, 8, 12, 16, 20, 24 ]
20599	[ 0, 4, 8, 12, 16, 20, 24 ]
20603	[ 0, 4, 8, 12, 16, 20, 24 ]
20605	[ 0, 4, 8, 12, 16, 20, 24 ]
20606	[ 0, 4, 8, 12, 16, 20, 24 ]
20610	[ 0, 4, 8, 12, 16, 20, 24 ]
20611	[ 0, 4, 8, 12, 16, 20, 24 ]
20613	[ 0, 4, 8, 12, 16, 20, 24 ]
20614	[ 0, 4, 8, 12, 16, 20, 24 ]
20616	[ 0, 4, 8, 12, 16, 20, 24 ]
20619	[ 0, 4, 8, 12, 16, 20, 24 ]
20625	[ 0, 4, 8, 12, 16, 20, 24 ]
20627	[ 0, 2, 4, 6, 8, 10, 12, 16, 20, 24 ]
20628	[ 0, 2, 4, 6, 8, 10, 12, 16, 20, 24 ]
20629	[ 0, 2, 4, 6, 8, 10, 12, 16, 20, 24 ]
20676	[ 0, 4, 8, 12, 16, 20, 24 ]
20686	[ 0, 4, 8, 12, 16, 20, 24 ]
20705	[ 0, 4, 8, 12, 16, 24 ]
20711	[ 0, 2, 6, 8, 16, 24 ]
20757	[ 0, 2, 4, 6, 8, 12, 16, 20, 24 ]
20768	[ 0, 2, 4, 6, 8, 10, 12, 14, 16, 20, 24 ]
20814	[ 0, 2, 4, 6, 8, 12, 16, 20, 24 ]
20842	[ 0, 4, 8, 12, 16, 20, 24 ]
20855	[ 0, 2, 4, 6, 8, 10, 12, 14, 16, 18, 20, 24 ]
20858	[ 0, 2, 4, 6, 8, 10, 12, 14, 16, 18, 20, 24 ]
20863	[ 0, 2, 4, 6, 8, 10, 12, 14, 16, 18, 20, 24 ]
20864	[ 0, 2, 4, 6, 8, 10, 12, 14, 16, 18, 20, 24 ]
20865	[ 0, 2, 4, 6, 8, 10, 12, 14, 16, 18, 20, 24 ]
20866	[ 0, 2, 4, 6, 8, 10, 12, 14, 16, 18, 20, 24 ]
20872	[ 0, 2, 4, 6, 8, 10, 12, 14, 16, 18, 20, 24 ]
20897	[ 0, 2, 4, 6, 8, 12, 16, 20, 24 ]
20898	[ 0, 2, 4, 6, 8, 12, 16, 20, 24 ]
20902	[ 0, 2, 4, 6, 8, 12, 16, 20, 24 ]
20909	[ 0, 2, 4, 6, 8, 10, 12, 16, 20, 24 ]
20915	[ 0, 2, 4, 6, 8, 10, 12, 14, 16, 20, 24 ]
20920	[ 0, 2, 4, 6, 8, 10, 12, 14, 16, 20, 24 ]
20923	[ 0, 2, 4, 6, 8, 10, 12, 14, 16, 18, 20, 24 ]
20925	[ 0, 2, 4, 6, 8, 10, 12, 16, 20, 24 ]
20932	[ 0, 2, 4, 6, 8, 10, 12, 16, 20, 24 ]
20935	[ 0, 4, 8, 12, 16, 20, 24 ]
20940	[ 0, 2, 4, 6, 8, 10, 12, 14, 16, 20, 24 ]
20945	[ 0, 2, 4, 6, 8, 10, 12, 14, 16, 20, 24 ]
20946	[ 0, 2, 4, 6, 8, 10, 12, 14, 16, 18, 20, 24 ]
20949	[ 0, 4, 8, 12, 16, 20, 24 ]
20953	[ 0, 4, 8, 12, 16, 20, 24 ]
20954	[ 0, 4, 8, 12, 16, 20, 24 ]
20955	[ 0, 4, 8, 12, 16, 20, 24 ]
20956	[ 0, 4, 8, 12, 16, 20, 24 ]
20966	[ 0, 2, 4, 8, 12, 16, 20, 24 ]
20968	[ 0, 2, 4, 8, 12, 16, 20, 24 ]
20972	[ 0, 2, 4, 6, 8, 10, 12, 14, 16, 20, 24 ]
20974	[ 0, 4, 8, 12, 16, 20, 24 ]
20977	[ 0, 2, 4, 6, 8, 10, 12, 14, 16, 18, 20, 24 ]
20978	[ 0, 2, 4, 6, 8, 10, 12, 14, 16, 18, 20, 24 ]
20979	[ 0, 4, 6, 8, 10, 12, 14, 16, 20, 24 ]
20981	[ 0, 4, 8, 12, 16, 20, 24 ]
20982	[ 0, 4, 8, 12, 16, 20, 24 ]
21001	[ 0, 2, 4, 6, 8, 12, 16, 20, 24 ]
21002	[ 0, 2, 4, 6, 8, 12, 16, 20, 24 ]
21003	[ 0, 2, 4, 6, 8, 12, 16, 20, 24 ]
21004	[ 0, 2, 4, 6, 8, 12, 16, 20, 24 ]
21006	[ 0, 2, 4, 6, 8, 12, 16, 20, 24 ]
21007	[ 0, 2, 4, 6, 8, 12, 16, 20, 24 ]
21008	[ 0, 2, 4, 6, 8, 12, 16, 20, 24 ]
21015	[ 0, 4, 8, 12, 16, 20, 24 ]
21022	[ 0, 2, 4, 6, 8, 12, 16, 20, 24 ]
21033	[ 0, 2, 4, 6, 8, 10, 12, 14, 16, 18, 20, 24 ]
21045	[ 0, 2, 4, 6, 8, 10, 12, 14, 16, 18, 20, 24 ]
21047	[ 0, 2, 4, 6, 8, 10, 12, 14, 16, 18, 20, 24 ]
21048	[ 0, 2, 4, 6, 8, 10, 12, 14, 16, 18, 20, 24 ]
21052	[ 0, 2, 4, 6, 8, 10, 12, 14, 16, 18, 20, 24 ]
21057	[ 0, 4, 8, 12, 16, 20, 24 ]
21061	[ 0, 2, 4, 6, 8, 10, 12, 14, 16, 20, 24 ]
21064	[ 0, 2, 4, 6, 8, 10, 12, 14, 16, 18, 20, 24 ]
21371	[ 0, 2, 4, 6, 8, 12, 16, 20, 24 ]
21373	[ 0, 2, 4, 6, 8, 12, 16, 20, 24 ]
21375	[ 0, 2, 4, 6, 8, 10, 12, 16, 20, 24 ]
21377	[ 0, 2, 4, 6, 8, 10, 12, 16, 20, 24 ]
21383	[ 0, 4, 8, 12, 16, 20, 24 ]
21384	[ 0, 4, 8, 12, 16, 20, 24 ]
21385	[ 0, 4, 8, 12, 16, 20, 24 ]
21386	[ 0, 4, 8, 12, 16, 20, 24 ]
21388	[ 0, 4, 8, 12, 16, 20, 24 ]
21389	[ 0, 4, 8, 12, 16, 20, 24 ]
21400	[ 0, 4, 8, 12, 16, 20, 24 ]
21404	[ 0, 4, 6, 8, 10, 12, 14, 16, 18, 20, 24 ]
21405	[ 0, 4, 6, 8, 10, 12, 14, 16, 18, 20, 24 ]
21430	[ 0, 8, 16, 24 ]
21442	[ 0, 8, 16, 24 ]
21444	[ 0, 8, 16, 24 ]
21445	[ 0, 8, 16, 24 ]
21573	[ 0, 4, 8, 12, 16, 20, 24 ]
21577	[ 0, 4, 8, 12, 16, 20, 24 ]
21578	[ 0, 2, 4, 8, 12, 16, 20, 24 ]
21581	[ 0, 2, 4, 6, 8, 12, 16, 20, 24 ]
21583	[ 0, 4, 8, 12, 16, 20, 24 ]
21591	[ 0, 4, 8, 12, 16, 20, 24 ]
21604	[ 0, 2, 4, 6, 8, 10, 12, 16, 20, 24 ]
21607	[ 0, 4, 8, 12, 16, 20, 24 ]
21608	[ 0, 4, 8, 12, 16, 20, 24 ]
21618	[ 0, 4, 8, 12, 16, 20, 24 ]
21620	[ 0, 2, 4, 6, 8, 10, 12, 14, 16, 20, 24 ]
21621	[ 0, 2, 4, 6, 8, 10, 12, 14, 16, 20, 24 ]
21636	[ 0, 4, 8, 12, 16, 20, 24 ]
21638	[ 0, 4, 8, 12, 16, 20, 24 ]
21640	[ 0, 4, 8, 12, 16, 20, 24 ]
21646	[ 0, 4, 8, 12, 16, 20, 24 ]
21647	[ 0, 2, 4, 6, 8, 10, 12, 16, 20, 24 ]
21648	[ 0, 2, 4, 6, 8, 10, 12, 16, 20, 24 ]
21650	[ 0, 2, 4, 8, 12, 16, 20, 24 ]
21651	[ 0, 4, 8, 12, 16, 20, 24 ]
21652	[ 0, 4, 8, 12, 16, 20, 24 ]
21656	[ 0, 4, 8, 12, 16, 20, 24 ]
21659	[ 0, 4, 8, 12, 16, 20, 24 ]
21660	[ 0, 4, 8, 12, 16, 20, 24 ]
21664	[ 0, 4, 8, 12, 16, 20, 24 ]
21665	[ 0, 4, 8, 12, 16, 20, 24 ]
21668	[ 0, 4, 8, 12, 16, 20, 24 ]
21670	[ 0, 4, 8, 12, 16, 20, 24 ]
21676	[ 0, 2, 4, 6, 8, 12, 16, 20, 24 ]
21679	[ 0, 4, 8, 12, 16, 20, 24 ]
21685	[ 0, 4, 8, 12, 16, 20, 24 ]
21687	[ 0, 4, 8, 12, 16, 20, 24 ]
21688	[ 0, 4, 8, 12, 16, 20, 24 ]
21729	[ 0, 4, 8, 12, 16, 20, 24 ]
21730	[ 0, 4, 8, 12, 16, 20, 24 ]
21735	[ 0, 4, 8, 12, 16, 20, 24 ]
21736	[ 0, 4, 8, 12, 16, 20, 24 ]
21792	[ 0, 4, 8, 12, 16, 20, 24 ]
21821	[ 0, 4, 8, 12, 16, 20, 24 ]
21824	[ 0, 4, 8, 12, 16, 20, 24 ]
21833	[ 0, 4, 8, 12, 16, 20, 24 ]
21848	[ 0, 2, 4, 6, 8, 10, 12, 16, 24 ]
21913	[ 0, 2, 4, 6, 8, 10, 12, 14, 16, 18, 20, 24 ]
21920	[ 0, 2, 4, 6, 8, 10, 12, 14, 16, 18, 20, 24 ]
21937	[ 0, 2, 4, 6, 8, 10, 12, 14, 16, 18, 20, 24 ]
21950	[ 0, 2, 4, 6, 8, 10, 12, 14, 16, 20, 24 ]
21951	[ 0, 2, 4, 6, 8, 10, 12, 14, 16, 18, 20, 24 ]
21957	[ 0, 2, 4, 6, 8, 10, 12, 14, 16, 18, 20, 24 ]
21958	[ 0, 2, 4, 6, 8, 10, 12, 16, 20, 24 ]
21963	[ 0, 2, 4, 6, 8, 10, 12, 16, 20, 24 ]
22328	[ 0, 4, 8, 12, 16, 20, 24 ]
22343	[ 0, 4, 8, 16, 24 ]
22544	[ 0, 2, 4, 6, 8, 10, 12, 14, 16, 20, 24 ]
22548	[ 0, 2, 4, 6, 8, 10, 12, 14, 16, 20, 24 ]
22560	[ 0, 4, 8, 12, 16, 20, 24 ]
22561	[ 0, 2, 4, 6, 8, 10, 12, 14, 16, 20, 24 ]
22562	[ 0, 4, 8, 12, 16, 20, 24 ]
22563	[ 0, 2, 4, 6, 8, 10, 12, 14, 16, 20, 24 ]
22564	[ 0, 2, 4, 6, 8, 10, 12, 14, 16, 20, 24 ]
22574	[ 0, 2, 4, 6, 8, 12, 16, 20, 24 ]
22577	[ 0, 2, 4, 6, 8, 10, 12, 16, 20, 24 ]
22591	[ 0, 2, 4, 6, 8, 10, 12, 14, 16, 20, 24 ]
22618	[ 0, 2, 4, 6, 8, 10, 12, 14, 16, 20, 24 ]
22619	[ 0, 2, 4, 6, 8, 10, 12, 16, 20, 24 ]
22623	[ 0, 4, 8, 12, 16, 20, 24 ]
22625	[ 0, 4, 8, 12, 16, 20, 24 ]
22676	[ 0, 2, 4, 6, 8, 12, 16, 20, 24 ]
22677	[ 0, 2, 4, 6, 8, 12, 16, 20, 24 ]
22678	[ 0, 2, 4, 6, 8, 12, 16, 20, 24 ]
22679	[ 0, 2, 4, 6, 8, 12, 16, 20, 24 ]
22682	[ 0, 4, 8, 12, 16, 20, 24 ]
22685	[ 0, 4, 8, 12, 16, 20, 24 ]
22686	[ 0, 4, 8, 12, 16, 20, 24 ]
22687	[ 0, 4, 8, 12, 16, 20, 24 ]
22688	[ 0, 4, 8, 12, 16, 20, 24 ]
22690	[ 0, 4, 8, 12, 16, 20, 24 ]
22694	[ 0, 2, 4, 6, 8, 10, 12, 16, 20, 24 ]
22695	[ 0, 2, 4, 6, 8, 10, 12, 16, 20, 24 ]
22696	[ 0, 2, 4, 6, 8, 10, 12, 16, 20, 24 ]
22697	[ 0, 2, 4, 6, 8, 10, 12, 16, 20, 24 ]
22698	[ 0, 2, 4, 6, 8, 10, 12, 16, 20, 24 ]
22699	[ 0, 2, 4, 6, 8, 10, 12, 16, 20, 24 ]
22719	[ 0, 4, 8, 12, 16, 20, 24 ]
22727	[ 0, 4, 8, 12, 16, 20, 24 ]
22734	[ 0, 4, 8, 12, 16, 20, 24 ]
22738	[ 0, 4, 8, 12, 16, 20, 24 ]
22739	[ 0, 4, 8, 12, 16, 20, 24 ]
22744	[ 0, 4, 8, 12, 16, 20, 24 ]
22745	[ 0, 4, 8, 12, 16, 20, 24 ]
22747	[ 0, 4, 8, 12, 16, 20, 24 ]
22748	[ 0, 4, 8, 12, 16, 20, 24 ]
22751	[ 0, 4, 8, 12, 16, 20, 24 ]
22753	[ 0, 4, 6, 8, 10, 12, 14, 16, 18, 20, 24 ]
22776	[ 0, 2, 4, 6, 8, 10, 12, 16, 20, 24 ]
22808	[ 0, 2, 4, 6, 8, 10, 12, 14, 16, 18, 20, 24 ]
23121	[ 0, 2, 4, 6, 8, 12, 16, 20, 24 ]
23139	[ 0, 4, 8, 12, 16, 20, 24 ]
23141	[ 0, 4, 8, 12, 16, 20, 24 ]
23142	[ 0, 4, 8, 12, 16, 20, 24 ]
23152	[ 0, 4, 8, 12, 16, 20, 24 ]
23163	[ 0, 4, 8, 12, 16, 20, 24 ]
23166	[ 0, 4, 8, 12, 16, 20, 24 ]
23167	[ 0, 4, 8, 12, 16, 20, 24 ]
23199	[ 0, 2, 4, 6, 8, 10, 12, 14, 16, 20, 24 ]
23236	[ 0, 2, 4, 6, 8, 10, 12, 14, 16, 18, 20, 24 ]
23237	[ 0, 4, 8, 12, 16, 20, 24 ]
23239	[ 0, 2, 4, 6, 8, 10, 12, 14, 16, 18, 20, 24 ]
23282	[ 0, 4, 8, 12, 16, 20, 24 ]
23287	[ 0, 2, 4, 6, 8, 10, 12, 14, 16, 20, 24 ]
23288	[ 0, 4, 8, 12, 16, 20, 24 ]
23289	[ 0, 2, 4, 6, 8, 10, 12, 14, 16, 20, 24 ]
23291	[ 0, 2, 4, 6, 8, 12, 16, 20, 24 ]
23349	[ 0, 4, 8, 12, 16, 20, 24 ]
23350	[ 0, 2, 4, 6, 8, 12, 16, 20, 24 ]
23353	[ 0, 4, 8, 12, 16, 20, 24 ]
23354	[ 0, 4, 8, 12, 16, 20, 24 ]
23372	[ 0, 2, 4, 6, 8, 10, 12, 14, 16, 18, 20, 24 ]
23387	[ 0, 4, 8, 12, 16, 20, 24 ]
23403	[ 0, 4, 8, 12, 16, 20, 24 ]
23404	[ 0, 4, 8, 12, 16, 20, 24 ]
23405	[ 0, 4, 8, 12, 16, 20, 24 ]
23406	[ 0, 4, 8, 12, 16, 20, 24 ]
23410	[ 0, 2, 4, 6, 8, 10, 12, 14, 16, 20, 24 ]
23721	[ 0, 4, 6, 8, 10, 12, 16, 20, 24 ]
23723	[ 0, 2, 4, 6, 8, 10, 12, 14, 16, 20, 24 ]
23730	[ 0, 4, 8, 12, 16, 20, 24 ]
23731	[ 0, 4, 8, 12, 16, 20, 24 ]
23741	[ 0, 4, 6, 8, 10, 12, 14, 16, 18, 20, 24 ]
23742	[ 0, 4, 6, 8, 10, 12, 14, 16, 18, 20, 24 ]
23815	[ 0, 2, 4, 6, 8, 10, 12, 14, 16, 20, 24 ]
23818	[ 0, 2, 4, 6, 8, 10, 12, 14, 16, 20, 24 ]
23820	[ 0, 2, 4, 6, 8, 10, 12, 14, 16, 20, 24 ]
23821	[ 0, 4, 8, 12, 16, 20, 24 ]
23822	[ 0, 2, 4, 6, 8, 10, 12, 16, 20, 24 ]
23823	[ 0, 2, 4, 6, 8, 10, 12, 14, 16, 20, 24 ]
23832	[ 0, 2, 4, 6, 8, 10, 12, 14, 16, 18, 20, 24 ]
23840	[ 0, 2, 4, 6, 8, 10, 12, 14, 16, 18, 20, 24 ]
23845	[ 0, 2, 4, 6, 8, 12, 16, 20, 24 ]
23853	[ 0, 4, 8, 12, 16, 20, 24 ]
23854	[ 0, 4, 8, 12, 16, 20, 24 ]
23858	[ 0, 4, 8, 12, 16, 20, 24 ]
23860	[ 0, 4, 8, 12, 16, 20, 24 ]
23861	[ 0, 2, 4, 6, 8, 10, 12, 14, 16, 18, 20, 24 ]
23862	[ 0, 4, 8, 12, 16, 20, 24 ]
23863	[ 0, 4, 8, 12, 16, 20, 24 ]
23864	[ 0, 4, 8, 12, 16, 20, 24 ]
23872	[ 0, 4, 8, 12, 16, 20, 24 ]
23875	[ 0, 4, 8, 12, 16, 20, 24 ]
23876	[ 0, 4, 8, 12, 16, 20, 24 ]
23881	[ 0, 4, 8, 12, 16, 20, 24 ]
24081	[ 0, 2, 4, 6, 8, 10, 12, 14, 16, 18, 20, 24 ]
24084	[ 0, 4, 8, 12, 16, 20, 24 ]
24085	[ 0, 4, 8, 12, 16, 20, 24 ]
24086	[ 0, 4, 8, 12, 16, 20, 24 ]
24087	[ 0, 4, 8, 12, 16, 20, 24 ]
24092	[ 0, 4, 8, 12, 16, 20, 24 ]
24103	[ 0, 4, 8, 12, 16, 20, 24 ]
24181	[ 0, 4, 8, 12, 16, 20, 24 ]
24182	[ 0, 4, 8, 12, 16, 20, 24 ]
24183	[ 0, 4, 8, 12, 16, 20, 24 ]
24202	[ 0, 4, 8, 12, 16, 20, 24 ]
24210	[ 0, 4, 8, 12, 16, 20, 24 ]
24340	[ 0, 4, 8, 12, 16, 20, 24 ]
24341	[ 0, 4, 8, 12, 16, 20, 24 ]
24406	[ 0, 2, 4, 6, 8, 10, 12, 14, 16, 20, 24 ]
24421	[ 0, 4, 8, 12, 16, 20, 24 ]
24426	[ 0, 2, 4, 6, 8, 10, 12, 14, 16, 20, 24 ]
24505	[ 0, 4, 8, 12, 16, 20, 24 ]
24507	[ 0, 4, 8, 12, 16, 20, 24 ]
24680	[ 0, 8, 24 ]
