t	r	label
1	0	24T1
1	24	24T1
2	0	24T2
2	24	24T2
3	0	24T3
3	24	24T3
7	24	24T7
21	4	24T21
35	2	24T35
35	24	24T35
39	0	24T39
39	12	24T39
49	8	24T49
50	0	24T50
58	24	24T58
59	8	24T59
65	0	24T65
81	0	24T81
81	24	24T81
82	0	24T82
97	12	24T97
107	24	24T107
120	24	24T120
121	24	24T121
122	24	24T122
174	0	24T174
176	16	24T176
183	0	24T183
187	0	24T187
188	4	24T188
189	0	24T189
190	4	24T190
197	24	24T197
201	24	24T201
214	0	24T214
214	24	24T214
216	8	24T216
222	24	24T222
239	8	24T239
244	0	24T244
244	8	24T244
244	24	24T244
576	4	24T576
1353	4	24T1353
1699	8	24T1699
1958	0	24T1958
1958	8	24T1958
1958	16	24T1958
1958	24	24T1958
1961	0	24T1961
1961	8	24T1961
1961	16	24T1961
1961	24	24T1961
1969	8	24T1969
1970	8	24T1970
1970	16	24T1970
1977	0	24T1977
1977	8	24T1977
1977	16	24T1977
1977	24	24T1977
2012	8	24T2012
2012	16	24T2012
2024	8	24T2024
2024	16	24T2024
2025	16	24T2025
2025	24	24T2025
2030	0	24T2030
2030	16	24T2030
2030	24	24T2030
2050	0	24T2050
2050	8	24T2050
2050	16	24T2050
2080	0	24T2080
3256	0	24T3256
3394	8	24T3394
3394	12	24T3394
3399	16	24T3399
3405	16	24T3405
3412	16	24T3412
3415	0	24T3415
3415	4	24T3415
3415	8	24T3415
3415	16	24T3415
3415	24	24T3415
3425	16	24T3425
3428	8	24T3428
3428	24	24T3428
3429	16	24T3429
3494	16	24T3494
3494	24	24T3494
3496	4	24T3496
3496	16	24T3496
3528	16	24T3528
3548	12	24T3548
3557	12	24T3557
3579	16	24T3579
3580	12	24T3580
3589	12	24T3589
3603	8	24T3603
3603	16	24T3603
3632	12	24T3632
3645	16	24T3645
3669	12	24T3669
3681	16	24T3681
3682	12	24T3682
3690	16	24T3690
3696	12	24T3696
3698	12	24T3698
3717	16	24T3717
3735	12	24T3735
3750	16	24T3750
3753	16	24T3753
3753	24	24T3753
3756	12	24T3756
3757	12	24T3757
3757	16	24T3757
3777	4	24T3777
3781	12	24T3781
3818	12	24T3818
3820	0	24T3820
3820	16	24T3820
3844	12	24T3844
3844	16	24T3844
3845	12	24T3845
3848	8	24T3848
3861	12	24T3861
3862	16	24T3862
3868	8	24T3868
3868	16	24T3868
3878	12	24T3878
3878	16	24T3878
3884	8	24T3884
3884	16	24T3884
3894	8	24T3894
3911	16	24T3911
3913	12	24T3913
3930	8	24T3930
3930	12	24T3930
3930	16	24T3930
3939	8	24T3939
3939	16	24T3939
3940	0	24T3940
3940	8	24T3940
3940	16	24T3940
3940	24	24T3940
3976	8	24T3976
3976	16	24T3976
3979	8	24T3979
3979	16	24T3979
3980	0	24T3980
3980	8	24T3980
3980	16	24T3980
3980	24	24T3980
3982	0	24T3982
3982	8	24T3982
3982	16	24T3982
3982	24	24T3982
3990	16	24T3990
4002	16	24T4002
4021	16	24T4021
4028	16	24T4028
4042	16	24T4042
4051	16	24T4051
4062	16	24T4062
4085	16	24T4085
4094	0	24T4094
4094	16	24T4094
4102	16	24T4102
4110	16	24T4110
4111	0	24T4111
4111	8	24T4111
4111	16	24T4111
4121	16	24T4121
4128	0	24T4128
4140	16	24T4140
4145	16	24T4145
4145	24	24T4145
4147	8	24T4147
4147	16	24T4147
4147	24	24T4147
4154	16	24T4154
4159	4	24T4159
4168	16	24T4168
4169	0	24T4169
4169	8	24T4169
4169	16	24T4169
4169	24	24T4169
4171	16	24T4171
4171	24	24T4171
4178	0	24T4178
4178	8	24T4178
4178	16	24T4178
4178	24	24T4178
4183	16	24T4183
4195	0	24T4195
4195	8	24T4195
4195	16	24T4195
4195	24	24T4195
4234	0	24T4234
4234	8	24T4234
4234	16	24T4234
4236	8	24T4236
4242	0	24T4242
4242	8	24T4242
4242	16	24T4242
4242	24	24T4242
4243	0	24T4243
4243	8	24T4243
4243	16	24T4243
4244	8	24T4244
4244	16	24T4244
4245	8	24T4245
4245	16	24T4245
4245	24	24T4245
4247	12	24T4247
4254	0	24T4254
4254	8	24T4254
4254	16	24T4254
4254	24	24T4254
4255	16	24T4255
4268	16	24T4268
4268	24	24T4268
4290	16	24T4290
4327	16	24T4327
4330	16	24T4330
4330	24	24T4330
4334	0	24T4334
4334	8	24T4334
4334	16	24T4334
4334	24	24T4334
4363	16	24T4363
4392	0	24T4392
4392	16	24T4392
4392	24	24T4392
4393	0	24T4393
4393	8	24T4393
4393	16	24T4393
4393	24	24T4393
4394	0	24T4394
4394	8	24T4394
4394	16	24T4394
4399	16	24T4399
4400	16	24T4400
4427	8	24T4427
4461	24	24T4461
4465	0	24T4465
4465	24	24T4465
5020	24	24T5020
5472	0	24T5472
5472	16	24T5472
5793	0	24T5793
5793	24	24T5793
5799	0	24T5799
5799	24	24T5799
5832	4	24T5832
5832	16	24T5832
5844	0	24T5844
5844	4	24T5844
5844	12	24T5844
5844	24	24T5844
5845	24	24T5845
5849	4	24T5849
5851	4	24T5851
5852	12	24T5852
5860	4	24T5860
5860	24	24T5860
5861	12	24T5861
5861	24	24T5861
5869	0	24T5869
5869	4	24T5869
5869	24	24T5869
5878	0	24T5878
5878	16	24T5878
5878	24	24T5878
5880	16	24T5880
5890	0	24T5890
5890	24	24T5890
5927	24	24T5927
5928	0	24T5928
5928	16	24T5928
5928	24	24T5928
5930	16	24T5930
6041	16	24T6041
6041	24	24T6041
6044	4	24T6044
6044	12	24T6044
6046	16	24T6046
6047	0	24T6047
6047	8	24T6047
6047	16	24T6047
6047	24	24T6047
6049	16	24T6049
6061	0	24T6061
6061	8	24T6061
6061	12	24T6061
6061	16	24T6061
6061	24	24T6061
6062	16	24T6062
6062	24	24T6062
6063	16	24T6063
6099	16	24T6099
6100	16	24T6100
6100	24	24T6100
6106	16	24T6106
6107	16	24T6107
6107	24	24T6107
6108	4	24T6108
6111	16	24T6111
6132	16	24T6132
6138	16	24T6138
6139	4	24T6139
6146	16	24T6146
6160	16	24T6160
6160	24	24T6160
6171	0	24T6171
6171	8	24T6171
6181	8	24T6181
6181	12	24T6181
6181	16	24T6181
6181	24	24T6181
6216	4	24T6216
6221	12	24T6221
6223	12	24T6223
6250	16	24T6250
6272	0	24T6272
6272	8	24T6272
6272	12	24T6272
6272	16	24T6272
6284	12	24T6284
6284	16	24T6284
6288	16	24T6288
6296	16	24T6296
6300	8	24T6300
6300	16	24T6300
6300	24	24T6300
6304	16	24T6304
6328	8	24T6328
6328	12	24T6328
6328	16	24T6328
6330	12	24T6330
6330	16	24T6330
6341	16	24T6341
6356	8	24T6356
6356	12	24T6356
6356	16	24T6356
6356	24	24T6356
6362	16	24T6362
6383	12	24T6383
6383	16	24T6383
6383	24	24T6383
6397	12	24T6397
6401	8	24T6401
6401	16	24T6401
6402	8	24T6402
6402	16	24T6402
6440	16	24T6440
6442	12	24T6442
6443	16	24T6443
6446	4	24T6446
6471	16	24T6471
6481	4	24T6481
6492	16	24T6492
6493	12	24T6493
6528	8	24T6528
6601	8	24T6601
6601	16	24T6601
6608	8	24T6608
6608	12	24T6608
6608	16	24T6608
6621	12	24T6621
6676	16	24T6676
6686	4	24T6686
6691	16	24T6691
6727	12	24T6727
6761	8	24T6761
6761	16	24T6761
6761	24	24T6761
6769	8	24T6769
6769	16	24T6769
6769	24	24T6769
6771	8	24T6771
6771	16	24T6771
6771	24	24T6771
6798	16	24T6798
6805	16	24T6805
6806	16	24T6806
6820	16	24T6820
6835	16	24T6835
6888	8	24T6888
6888	16	24T6888
6888	24	24T6888
6892	0	24T6892
6895	16	24T6895
6895	24	24T6895
6896	0	24T6896
6896	8	24T6896
6896	16	24T6896
6896	24	24T6896
6897	16	24T6897
6897	24	24T6897
6898	0	24T6898
6898	8	24T6898
6898	16	24T6898
6898	24	24T6898
6899	16	24T6899
6899	24	24T6899
6900	16	24T6900
6900	24	24T6900
6902	16	24T6902
6902	24	24T6902
6903	0	24T6903
6903	16	24T6903
6903	24	24T6903
6930	8	24T6930
6930	16	24T6930
6932	8	24T6932
6932	16	24T6932
6937	0	24T6937
6937	8	24T6937
6937	16	24T6937
6937	24	24T6937
6938	16	24T6938
6938	24	24T6938
6943	0	24T6943
6943	16	24T6943
6943	24	24T6943
6944	16	24T6944
6944	24	24T6944
6960	4	24T6960
6961	16	24T6961
6961	24	24T6961
6962	8	24T6962
6962	16	24T6962
6962	24	24T6962
6964	16	24T6964
6964	24	24T6964
6967	0	24T6967
6967	8	24T6967
6967	16	24T6967
6967	24	24T6967
6969	16	24T6969
6980	4	24T6980
6980	8	24T6980
6980	16	24T6980
6980	24	24T6980
6982	4	24T6982
6984	8	24T6984
6984	16	24T6984
6985	16	24T6985
6986	4	24T6986
6989	0	24T6989
6989	16	24T6989
6991	4	24T6991
7014	0	24T7014
7014	8	24T7014
7014	16	24T7014
7014	24	24T7014
7017	8	24T7017
7017	16	24T7017
7017	24	24T7017
7019	8	24T7019
7019	16	24T7019
7028	16	24T7028
7029	8	24T7029
7029	16	24T7029
7029	24	24T7029
7030	16	24T7030
7030	24	24T7030
7031	0	24T7031
7031	8	24T7031
7031	16	24T7031
7032	8	24T7032
7032	16	24T7032
7032	24	24T7032
7033	4	24T7033
7035	4	24T7035
7054	8	24T7054
7054	16	24T7054
7054	24	24T7054
7055	8	24T7055
7055	16	24T7055
7055	24	24T7055
7056	0	24T7056
7056	8	24T7056
7056	16	24T7056
7056	24	24T7056
7057	0	24T7057
7057	8	24T7057
7057	16	24T7057
7057	24	24T7057
7362	8	24T7362
7362	16	24T7362
7362	20	24T7362
7423	8	24T7423
7423	16	24T7423
7423	24	24T7423
7817	0	24T7817
7817	24	24T7817
8074	12	24T8074
8207	12	24T8207
8221	4	24T8221
8253	4	24T8253
8253	24	24T8253
8254	4	24T8254
8256	16	24T8256
8256	24	24T8256
8314	0	24T8314
8314	16	24T8314
8314	24	24T8314
8359	24	24T8359
8375	4	24T8375
8375	24	24T8375
8380	4	24T8380
8380	24	24T8380
8381	4	24T8381
8381	24	24T8381
8382	24	24T8382
8383	24	24T8383
8387	24	24T8387
8468	4	24T8468
8488	0	24T8488
8488	16	24T8488
8488	24	24T8488
8503	24	24T8503
8508	0	24T8508
8508	24	24T8508
8519	4	24T8519
8520	16	24T8520
8520	24	24T8520
8528	24	24T8528
8529	12	24T8529
8530	4	24T8530
8531	12	24T8531
8545	4	24T8545
8546	4	24T8546
8546	12	24T8546
8550	4	24T8550
8551	12	24T8551
8554	12	24T8554
8557	4	24T8557
8561	0	24T8561
8561	4	24T8561
8565	12	24T8565
8569	8	24T8569
8569	16	24T8569
8575	12	24T8575
8578	0	24T8578
8578	24	24T8578
8579	0	24T8579
8579	24	24T8579
8580	0	24T8580
8580	8	24T8580
8580	16	24T8580
8580	24	24T8580
8581	0	24T8581
8581	24	24T8581
8610	16	24T8610
8610	24	24T8610
8667	24	24T8667
8732	8	24T8732
8736	0	24T8736
8736	16	24T8736
8736	24	24T8736
8745	24	24T8745
8789	4	24T8789
8854	4	24T8854
8860	8	24T8860
8860	16	24T8860
8860	24	24T8860
8902	4	24T8902
8909	24	24T8909
8914	24	24T8914
8996	16	24T8996
8998	12	24T8998
9000	16	24T9000
9005	4	24T9005
9005	16	24T9005
9005	24	24T9005
9011	16	24T9011
9015	0	24T9015
9015	4	24T9015
9015	8	24T9015
9015	16	24T9015
9016	16	24T9016
9018	16	24T9018
9019	4	24T9019
9019	16	24T9019
9022	16	24T9022
9032	16	24T9032
9034	16	24T9034
9035	16	24T9035
9035	24	24T9035
9037	16	24T9037
9038	16	24T9038
9043	4	24T9043
9043	16	24T9043
9044	4	24T9044
9044	16	24T9044
9044	24	24T9044
9054	16	24T9054
9054	24	24T9054
9067	16	24T9067
9070	16	24T9070
9071	8	24T9071
9071	16	24T9071
9071	24	24T9071
9079	16	24T9079
9079	24	24T9079
9086	16	24T9086
9087	16	24T9087
9092	16	24T9092
9095	16	24T9095
9120	12	24T9120
9120	16	24T9120
9122	16	24T9122
9137	12	24T9137
9149	12	24T9149
9149	16	24T9149
9158	8	24T9158
9158	12	24T9158
9158	16	24T9158
9158	24	24T9158
9163	12	24T9163
9163	16	24T9163
9163	24	24T9163
9165	12	24T9165
9168	4	24T9168
9168	12	24T9168
9172	8	24T9172
9172	12	24T9172
9172	16	24T9172
9172	24	24T9172
9175	16	24T9175
9175	24	24T9175
9183	4	24T9183
9185	16	24T9185
9185	24	24T9185
9186	8	24T9186
9186	12	24T9186
9186	16	24T9186
9186	24	24T9186
9187	4	24T9187
9187	12	24T9187
9188	4	24T9188
9188	12	24T9188
9189	12	24T9189
9207	12	24T9207
9208	4	24T9208
9208	12	24T9208
9208	16	24T9208
9208	24	24T9208
9209	12	24T9209
9209	16	24T9209
9220	4	24T9220
9223	12	24T9223
9224	12	24T9224
9225	16	24T9225
9225	24	24T9225
9234	12	24T9234
9236	12	24T9236
9236	16	24T9236
9236	24	24T9236
9248	16	24T9248
9256	16	24T9256
9267	8	24T9267
9267	12	24T9267
9267	16	24T9267
9267	24	24T9267
9288	12	24T9288
9301	8	24T9301
9301	12	24T9301
9301	16	24T9301
9301	24	24T9301
9311	16	24T9311
9317	12	24T9317
9317	16	24T9317
9318	8	24T9318
9318	16	24T9318
9323	8	24T9323
9323	16	24T9323
9324	12	24T9324
9324	16	24T9324
9327	12	24T9327
9333	16	24T9333
9338	12	24T9338
9344	12	24T9344
9350	12	24T9350
9359	12	24T9359
9362	12	24T9362
9364	12	24T9364
9364	16	24T9364
9372	12	24T9372
9372	16	24T9372
9374	12	24T9374
9386	12	24T9386
9387	4	24T9387
9389	12	24T9389
9393	12	24T9393
9393	16	24T9393
9397	12	24T9397
9397	16	24T9397
9397	24	24T9397
9399	12	24T9399
9399	16	24T9399
9399	24	24T9399
9402	4	24T9402
9405	16	24T9405
9405	24	24T9405
9408	4	24T9408
9408	8	24T9408
9408	12	24T9408
9408	16	24T9408
9408	24	24T9408
9430	16	24T9430
9431	16	24T9431
9433	8	24T9433
9433	16	24T9433
9433	24	24T9433
9443	16	24T9443
9443	24	24T9443
9444	16	24T9444
9444	24	24T9444
9445	16	24T9445
9445	24	24T9445
9448	8	24T9448
9448	16	24T9448
9448	24	24T9448
9450	8	24T9450
9450	16	24T9450
9450	24	24T9450
9451	16	24T9451
9451	24	24T9451
9452	16	24T9452
9452	24	24T9452
9453	16	24T9453
9453	24	24T9453
9466	0	24T9466
9466	8	24T9466
9466	16	24T9466
9466	24	24T9466
9470	16	24T9470
9470	24	24T9470
9471	0	24T9471
9471	16	24T9471
9471	24	24T9471
9481	16	24T9481
9481	24	24T9481
9482	0	24T9482
9482	16	24T9482
9482	24	24T9482
9483	16	24T9483
9483	24	24T9483
9486	16	24T9486
9487	24	24T9487
9488	24	24T9488
9500	0	24T9500
9500	6	24T9500
9500	8	24T9500
9500	16	24T9500
9500	24	24T9500
9506	6	24T9506
9518	16	24T9518
9518	24	24T9518
9527	8	24T9527
9527	16	24T9527
9529	16	24T9529
9535	16	24T9535
9535	24	24T9535
9537	0	24T9537
9537	8	24T9537
9537	16	24T9537
9537	24	24T9537
9540	16	24T9540
9541	16	24T9541
9559	6	24T9559
9668	16	24T9668
9770	4	24T9770
9770	8	24T9770
9770	16	24T9770
9770	20	24T9770
9770	24	24T9770
9814	16	24T9814
9823	12	24T9823
9940	16	24T9940
9940	24	24T9940
10255	0	24T10255
10255	24	24T10255
10277	8	24T10277
10338	4	24T10338
10381	4	24T10381
10381	8	24T10381
10381	12	24T10381
10381	16	24T10381
10381	20	24T10381
10381	24	24T10381
10407	24	24T10407
10412	24	24T10412
10447	0	24T10447
10447	16	24T10447
10447	20	24T10447
10447	24	24T10447
10460	0	24T10460
10460	16	24T10460
10460	20	24T10460
10460	24	24T10460
10472	0	24T10472
10472	4	24T10472
10472	20	24T10472
10472	24	24T10472
10487	12	24T10487
10487	20	24T10487
10557	20	24T10557
10560	0	24T10560
10560	12	24T10560
10560	16	24T10560
10606	8	24T10606
10606	12	24T10606
10606	16	24T10606
10606	20	24T10606
10633	16	24T10633
10633	20	24T10633
10633	24	24T10633
10634	8	24T10634
10634	16	24T10634
10634	20	24T10634
10634	24	24T10634
10641	12	24T10641
10641	16	24T10641
10641	24	24T10641
10670	8	24T10670
10670	12	24T10670
10670	16	24T10670
10670	20	24T10670
10689	16	24T10689
10689	24	24T10689
10691	24	24T10691
10694	16	24T10694
10694	24	24T10694
10697	20	24T10697
10699	12	24T10699
10699	16	24T10699
10700	4	24T10700
10700	8	24T10700
10700	12	24T10700
10700	16	24T10700
10700	20	24T10700
10747	24	24T10747
10756	16	24T10756
10756	20	24T10756
10756	24	24T10756
10764	0	24T10764
10766	0	24T10766
10766	8	24T10766
10778	16	24T10778
10778	24	24T10778
10785	4	24T10785
10785	12	24T10785
10785	16	24T10785
10785	20	24T10785
10785	24	24T10785
10859	4	24T10859
10859	8	24T10859
10859	12	24T10859
10859	16	24T10859
10859	20	24T10859
10863	0	24T10863
10863	4	24T10863
10863	8	24T10863
10863	12	24T10863
10863	16	24T10863
10863	20	24T10863
10885	16	24T10885
10901	0	24T10901
10901	12	24T10901
10901	16	24T10901
10901	20	24T10901
10901	24	24T10901
10903	0	24T10903
10903	16	24T10903
10903	20	24T10903
10903	24	24T10903
10967	0	24T10967
10991	12	24T10991
10991	16	24T10991
10991	24	24T10991
11023	12	24T11023
11032	24	24T11032
11048	16	24T11048
11048	24	24T11048
11052	12	24T11052
11052	24	24T11052
11064	0	24T11064
11064	4	24T11064
11064	24	24T11064
11086	24	24T11086
11088	16	24T11088
11088	24	24T11088
11094	24	24T11094
11099	0	24T11099
11099	12	24T11099
11099	24	24T11099
11105	4	24T11105
11105	12	24T11105
11107	4	24T11107
11107	24	24T11107
11124	0	24T11124
11137	16	24T11137
11137	24	24T11137
11253	16	24T11253
11264	16	24T11264
11291	0	24T11291
11291	16	24T11291
11291	24	24T11291
11292	16	24T11292
11292	24	24T11292
11293	0	24T11293
11293	16	24T11293
11293	24	24T11293
11296	0	24T11296
11296	16	24T11296
11296	24	24T11296
11301	0	24T11301
11301	4	24T11301
11301	8	24T11301
11301	12	24T11301
11301	16	24T11301
11302	4	24T11302
11302	16	24T11302
11303	0	24T11303
11303	16	24T11303
11303	24	24T11303
11306	0	24T11306
11306	8	24T11306
11306	12	24T11306
11306	16	24T11306
11306	24	24T11306
11309	12	24T11309
11311	12	24T11311
11313	0	24T11313
11313	4	24T11313
11313	8	24T11313
11313	12	24T11313
11313	16	24T11313
11313	24	24T11313
11316	0	24T11316
11316	12	24T11316
11319	16	24T11319
11319	24	24T11319
11321	8	24T11321
11321	16	24T11321
11321	24	24T11321
11322	8	24T11322
11322	12	24T11322
11322	16	24T11322
11322	24	24T11322
11329	8	24T11329
11329	16	24T11329
11329	24	24T11329
11331	8	24T11331
11331	16	24T11331
11331	24	24T11331
11341	8	24T11341
11341	16	24T11341
11346	8	24T11346
11346	16	24T11346
11346	24	24T11346
11347	8	24T11347
11347	16	24T11347
11347	24	24T11347
11356	4	24T11356
11356	12	24T11356
11366	24	24T11366
11368	16	24T11368
11369	8	24T11369
11369	16	24T11369
11369	24	24T11369
11370	0	24T11370
11370	8	24T11370
11370	16	24T11370
11370	24	24T11370
11378	16	24T11378
11395	8	24T11395
11395	16	24T11395
11395	24	24T11395
11399	8	24T11399
11399	16	24T11399
11399	24	24T11399
11401	16	24T11401
11402	16	24T11402
11403	8	24T11403
11404	16	24T11404
11404	24	24T11404
11411	24	24T11411
11412	12	24T11412
11412	16	24T11412
11415	24	24T11415
11418	12	24T11418
11420	12	24T11420
11421	24	24T11421
11422	12	24T11422
11424	12	24T11424
11440	12	24T11440
11465	16	24T11465
11471	8	24T11471
11471	16	24T11471
11471	24	24T11471
11473	8	24T11473
11473	16	24T11473
11473	24	24T11473
11478	8	24T11478
11478	16	24T11478
11478	24	24T11478
11480	8	24T11480
11480	16	24T11480
11480	24	24T11480
11484	8	24T11484
11484	16	24T11484
11484	24	24T11484
11485	8	24T11485
11485	16	24T11485
11485	24	24T11485
11486	8	24T11486
11486	16	24T11486
11486	24	24T11486
11487	8	24T11487
11487	16	24T11487
11487	24	24T11487
11489	8	24T11489
11489	16	24T11489
11489	24	24T11489
11490	16	24T11490
11490	24	24T11490
11491	8	24T11491
11491	16	24T11491
11491	24	24T11491
11492	8	24T11492
11492	16	24T11492
11492	24	24T11492
11493	0	24T11493
11493	8	24T11493
11493	16	24T11493
11493	24	24T11493
11494	8	24T11494
11494	16	24T11494
11494	24	24T11494
11496	8	24T11496
11496	16	24T11496
11496	24	24T11496
11497	8	24T11497
11497	16	24T11497
11497	24	24T11497
11500	8	24T11500
11500	16	24T11500
11500	24	24T11500
11502	8	24T11502
11502	16	24T11502
11502	24	24T11502
11550	24	24T11550
11552	24	24T11552
11554	24	24T11554
11555	16	24T11555
11557	16	24T11557
11558	16	24T11558
11558	24	24T11558
11562	16	24T11562
11562	24	24T11562
11565	16	24T11565
11565	24	24T11565
11567	16	24T11567
11567	24	24T11567
11575	24	24T11575
11595	24	24T11595
11600	24	24T11600
11601	0	24T11601
11601	8	24T11601
11601	16	24T11601
11601	24	24T11601
11602	0	24T11602
11602	8	24T11602
11602	16	24T11602
11602	24	24T11602
11603	6	24T11603
11603	8	24T11603
11603	16	24T11603
11603	24	24T11603
11604	0	24T11604
11604	6	24T11604
11604	8	24T11604
11604	16	24T11604
11604	24	24T11604
11605	0	24T11605
11605	24	24T11605
11608	24	24T11608
11610	24	24T11610
11611	16	24T11611
11611	24	24T11611
11612	16	24T11612
11612	24	24T11612
11613	16	24T11613
11613	24	24T11613
11614	16	24T11614
11614	24	24T11614
11619	16	24T11619
11620	0	24T11620
11620	8	24T11620
11620	16	24T11620
11625	0	24T11625
11625	16	24T11625
11626	0	24T11626
11626	16	24T11626
11626	24	24T11626
11628	4	24T11628
11628	12	24T11628
11628	24	24T11628
11634	16	24T11634
11634	24	24T11634
11638	8	24T11638
11638	16	24T11638
11638	24	24T11638
11639	16	24T11639
11639	24	24T11639
11641	12	24T11641
11641	24	24T11641
11646	4	24T11646
11646	8	24T11646
11646	16	24T11646
11646	24	24T11646
11647	4	24T11647
11650	0	24T11650
11650	8	24T11650
11650	16	24T11650
11650	24	24T11650
11651	0	24T11651
11651	8	24T11651
11651	16	24T11651
11651	24	24T11651
11654	12	24T11654
11654	24	24T11654
11658	16	24T11658
11658	24	24T11658
11659	16	24T11659
11659	24	24T11659
11666	8	24T11666
11666	16	24T11666
11666	24	24T11666
11667	8	24T11667
11667	16	24T11667
11667	24	24T11667
11669	24	24T11669
11678	8	24T11678
11678	16	24T11678
11678	24	24T11678
11679	0	24T11679
11679	8	24T11679
11679	16	24T11679
11679	24	24T11679
11682	12	24T11682
11685	4	24T11685
11686	8	24T11686
11686	16	24T11686
11686	24	24T11686
11687	4	24T11687
11692	4	24T11692
11696	8	24T11696
11696	16	24T11696
11696	24	24T11696
11697	0	24T11697
11697	8	24T11697
11697	16	24T11697
11697	24	24T11697
11702	16	24T11702
11703	8	24T11703
11703	12	24T11703
11703	16	24T11703
11704	12	24T11704
11705	12	24T11705
11705	16	24T11705
11705	24	24T11705
11707	16	24T11707
11707	24	24T11707
11709	12	24T11709
11709	24	24T11709
11716	8	24T11716
11716	12	24T11716
11716	16	24T11716
11716	24	24T11716
11745	24	24T11745
11751	16	24T11751
11759	24	24T11759
11763	16	24T11763
11777	16	24T11777
11779	16	24T11779
11784	16	24T11784
11784	24	24T11784
11786	12	24T11786
11786	16	24T11786
11786	24	24T11786
11787	24	24T11787
11789	16	24T11789
11789	24	24T11789
11793	12	24T11793
11793	16	24T11793
11793	24	24T11793
11798	24	24T11798
11799	16	24T11799
11802	0	24T11802
11802	8	24T11802
11802	16	24T11802
11802	24	24T11802
11805	16	24T11805
11808	16	24T11808
11810	16	24T11810
11811	16	24T11811
11813	12	24T11813
11813	16	24T11813
11813	24	24T11813
11816	16	24T11816
11819	16	24T11819
11819	24	24T11819
11825	12	24T11825
11825	16	24T11825
11825	24	24T11825
11826	0	24T11826
11826	4	24T11826
11826	12	24T11826
11826	16	24T11826
11826	24	24T11826
11828	16	24T11828
11830	4	24T11830
11830	12	24T11830
11830	16	24T11830
11830	24	24T11830
11833	4	24T11833
11833	8	24T11833
11833	12	24T11833
11833	16	24T11833
11834	16	24T11834
11834	24	24T11834
11838	16	24T11838
11846	4	24T11846
11846	8	24T11846
11846	12	24T11846
11846	16	24T11846
11847	8	24T11847
11847	16	24T11847
11856	0	24T11856
11856	16	24T11856
11856	24	24T11856
11857	16	24T11857
11859	8	24T11859
11859	12	24T11859
11859	16	24T11859
11859	24	24T11859
11866	16	24T11866
11866	24	24T11866
11868	16	24T11868
11868	24	24T11868
11879	6	24T11879
11880	0	24T11880
11880	6	24T11880
11880	12	24T11880
11880	16	24T11880
11880	24	24T11880
11881	0	24T11881
11881	16	24T11881
11884	12	24T11884
11889	16	24T11889
11892	0	24T11892
11892	16	24T11892
11892	24	24T11892
11893	16	24T11893
11893	24	24T11893
11894	16	24T11894
11894	24	24T11894
11901	0	24T11901
11901	8	24T11901
11901	16	24T11901
11901	24	24T11901
11902	16	24T11902
11904	16	24T11904
11904	24	24T11904
11905	16	24T11905
11907	0	24T11907
11907	16	24T11907
11907	24	24T11907
11908	16	24T11908
11908	24	24T11908
11910	8	24T11910
11910	12	24T11910
11910	16	24T11910
11910	24	24T11910
11911	8	24T11911
11911	12	24T11911
11911	16	24T11911
11911	24	24T11911
11912	8	24T11912
11912	12	24T11912
11912	16	24T11912
11912	24	24T11912
11913	8	24T11913
11913	12	24T11913
11913	16	24T11913
11913	24	24T11913
11914	6	24T11914
11914	12	24T11914
11914	16	24T11914
11914	24	24T11914
11915	0	24T11915
11915	8	24T11915
11915	16	24T11915
11915	24	24T11915
11919	0	24T11919
11919	16	24T11919
11919	24	24T11919
11923	6	24T11923
11923	12	24T11923
11927	12	24T11927
11927	24	24T11927
11928	0	24T11928
11928	16	24T11928
11928	24	24T11928
11929	0	24T11929
11929	16	24T11929
11929	24	24T11929
11930	16	24T11930
11931	12	24T11931
11931	16	24T11931
11932	0	24T11932
11932	16	24T11932
11932	24	24T11932
11934	16	24T11934
11934	24	24T11934
11940	0	24T11940
11940	16	24T11940
11940	24	24T11940
11941	12	24T11941
11943	16	24T11943
11946	16	24T11946
11949	0	24T11949
11949	8	24T11949
11949	16	24T11949
11949	24	24T11949
11953	12	24T11953
11954	16	24T11954
11955	16	24T11955
11956	0	24T11956
11956	8	24T11956
11956	16	24T11956
11956	24	24T11956
11957	16	24T11957
11957	24	24T11957
11964	0	24T11964
11964	6	24T11964
11964	8	24T11964
11964	16	24T11964
11964	24	24T11964
11965	8	24T11965
11965	16	24T11965
11966	16	24T11966
11967	0	24T11967
11967	16	24T11967
11967	24	24T11967
11976	0	24T11976
11976	16	24T11976
11976	24	24T11976
11977	0	24T11977
11977	16	24T11977
11977	24	24T11977
11978	0	24T11978
11978	16	24T11978
11978	24	24T11978
11979	0	24T11979
11979	8	24T11979
11979	16	24T11979
11979	24	24T11979
11980	16	24T11980
11980	24	24T11980
11981	0	24T11981
11981	16	24T11981
11981	24	24T11981
11988	0	24T11988
11988	4	24T11988
11988	8	24T11988
11988	12	24T11988
11988	16	24T11988
11988	24	24T11988
11990	0	24T11990
11990	8	24T11990
11990	16	24T11990
11990	24	24T11990
11991	0	24T11991
11991	6	24T11991
11991	8	24T11991
11991	16	24T11991
11991	24	24T11991
11992	6	24T11992
11992	16	24T11992
11992	24	24T11992
11993	0	24T11993
11993	6	24T11993
11993	16	24T11993
11993	24	24T11993
12000	0	24T12000
12000	8	24T12000
12000	16	24T12000
12000	24	24T12000
12002	16	24T12002
12002	24	24T12002
12003	0	24T12003
12003	16	24T12003
12003	24	24T12003
12004	0	24T12004
12004	8	24T12004
12004	16	24T12004
12004	24	24T12004
12006	16	24T12006
12006	24	24T12006
12007	0	24T12007
12007	12	24T12007
12007	16	24T12007
12007	24	24T12007
12014	4	24T12014
12014	6	24T12014
12014	8	24T12014
12014	12	24T12014
12014	16	24T12014
12022	4	24T12022
12022	6	24T12022
12022	8	24T12022
12022	12	24T12022
12022	16	24T12022
12022	24	24T12022
12024	6	24T12024
12024	16	24T12024
12024	24	24T12024
12025	0	24T12025
12025	6	24T12025
12025	8	24T12025
12025	16	24T12025
12025	24	24T12025
12030	16	24T12030
12030	24	24T12030
12031	4	24T12031
12031	8	24T12031
12031	12	24T12031
12031	16	24T12031
12031	24	24T12031
12032	0	24T12032
12032	4	24T12032
12032	8	24T12032
12032	12	24T12032
12032	16	24T12032
12032	24	24T12032
12033	4	24T12033
12033	8	24T12033
12033	16	24T12033
12036	4	24T12036
12036	8	24T12036
12036	12	24T12036
12036	16	24T12036
12036	24	24T12036
12037	8	24T12037
12037	16	24T12037
12037	24	24T12037
12038	4	24T12038
12038	12	24T12038
12038	16	24T12038
12038	24	24T12038
12039	0	24T12039
12039	4	24T12039
12039	8	24T12039
12039	12	24T12039
12039	16	24T12039
12039	24	24T12039
12050	16	24T12050
12050	24	24T12050
12051	0	24T12051
12051	16	24T12051
12051	24	24T12051
12053	16	24T12053
12053	24	24T12053
12054	16	24T12054
12054	24	24T12054
12055	16	24T12055
12055	24	24T12055
12066	6	24T12066
12074	6	24T12074
12105	12	24T12105
12106	4	24T12106
12106	12	24T12106
12106	16	24T12106
12106	24	24T12106
12107	12	24T12107
12109	12	24T12109
12109	24	24T12109
12226	0	24T12226
12281	16	24T12281
12281	20	24T12281
12283	8	24T12283
12283	12	24T12283
12283	16	24T12283
12283	20	24T12283
12283	24	24T12283
12290	20	24T12290
12299	12	24T12299
12310	16	24T12310
12311	8	24T12311
12311	16	24T12311
12312	4	24T12312
12312	12	24T12312
12312	16	24T12312
12312	20	24T12312
12312	24	24T12312
12319	16	24T12319
12319	20	24T12319
12319	24	24T12319
12321	8	24T12321
12321	20	24T12321
12322	20	24T12322
12323	4	24T12323
12323	16	24T12323
12323	20	24T12323
12350	24	24T12350
12362	8	24T12362
12367	24	24T12367
12373	8	24T12373
12454	16	24T12454
12463	0	24T12463
12463	8	24T12463
12463	16	24T12463
12463	24	24T12463
12476	4	24T12476
12477	4	24T12477
12478	16	24T12478
12479	16	24T12479
12480	4	24T12480
12480	16	24T12480
12481	4	24T12481
12481	16	24T12481
12791	24	24T12791
12800	24	24T12800
12801	24	24T12801
12813	4	24T12813
12813	20	24T12813
12817	16	24T12817
12817	20	24T12817
12817	24	24T12817
12833	24	24T12833
12842	0	24T12842
12842	16	24T12842
12842	20	24T12842
12842	24	24T12842
12845	0	24T12845
12845	16	24T12845
12845	20	24T12845
12845	24	24T12845
12858	24	24T12858
12860	4	24T12860
12860	24	24T12860
12868	24	24T12868
12876	16	24T12876
12900	12	24T12900
12902	12	24T12902
12908	8	24T12908
12908	12	24T12908
12908	16	24T12908
12908	20	24T12908
12908	24	24T12908
12923	12	24T12923
12927	20	24T12927
12927	24	24T12927
12929	0	24T12929
12929	4	24T12929
12929	20	24T12929
12929	24	24T12929
12930	20	24T12930
12930	24	24T12930
12936	20	24T12936
12936	24	24T12936
12944	12	24T12944
12944	16	24T12944
12944	20	24T12944
12944	24	24T12944
12949	0	24T12949
12949	20	24T12949
12950	24	24T12950
12954	16	24T12954
12954	20	24T12954
12954	24	24T12954
12962	24	24T12962
12966	12	24T12966
12966	16	24T12966
12966	20	24T12966
12966	24	24T12966
12969	20	24T12969
12969	24	24T12969
12971	24	24T12971
12973	16	24T12973
12973	20	24T12973
12973	24	24T12973
12976	20	24T12976
12976	24	24T12976
12979	12	24T12979
12979	16	24T12979
12979	20	24T12979
12979	24	24T12979
12983	24	24T12983
12987	20	24T12987
12987	24	24T12987
12988	20	24T12988
12988	24	24T12988
12989	12	24T12989
12989	16	24T12989
12989	20	24T12989
12989	24	24T12989
12990	0	24T12990
12990	4	24T12990
12990	20	24T12990
12990	24	24T12990
12995	12	24T12995
12995	16	24T12995
12995	20	24T12995
13002	20	24T13002
13002	24	24T13002
13007	8	24T13007
13007	12	24T13007
13007	16	24T13007
13007	20	24T13007
13007	24	24T13007
13009	20	24T13009
13009	24	24T13009
13014	20	24T13014
13024	24	24T13024
13031	20	24T13031
13031	24	24T13031
13035	16	24T13035
13039	0	24T13039
13039	4	24T13039
13039	12	24T13039
13039	16	24T13039
13039	20	24T13039
13039	24	24T13039
13042	20	24T13042
13042	24	24T13042
13045	0	24T13045
13045	16	24T13045
13045	20	24T13045
13045	24	24T13045
13048	4	24T13048
13048	20	24T13048
13057	6	24T13057
13057	20	24T13057
13057	24	24T13057
13059	16	24T13059
13059	20	24T13059
13059	24	24T13059
13065	0	24T13065
13065	4	24T13065
13065	20	24T13065
13065	24	24T13065
13074	12	24T13074
13074	16	24T13074
13074	20	24T13074
13096	20	24T13096
13100	8	24T13100
13100	16	24T13100
13102	4	24T13102
13102	12	24T13102
13102	20	24T13102
13103	16	24T13103
13103	20	24T13103
13104	16	24T13104
13108	20	24T13108
13108	24	24T13108
13118	0	24T13118
13118	16	24T13118
13118	20	24T13118
13118	24	24T13118
13119	20	24T13119
13119	24	24T13119
13120	0	24T13120
13120	16	24T13120
13120	20	24T13120
13120	24	24T13120
13121	24	24T13121
13122	0	24T13122
13122	16	24T13122
13122	20	24T13122
13122	24	24T13122
13125	0	24T13125
13125	16	24T13125
13125	20	24T13125
13125	24	24T13125
13145	16	24T13145
13145	20	24T13145
13190	24	24T13190
13193	16	24T13193
13197	12	24T13197
13203	16	24T13203
13203	20	24T13203
13237	24	24T13237
13239	20	24T13239
13239	24	24T13239
13240	20	24T13240
13240	24	24T13240
13241	0	24T13241
13241	16	24T13241
13241	20	24T13241
13241	24	24T13241
13244	0	24T13244
13244	12	24T13244
13244	16	24T13244
13244	20	24T13244
13244	24	24T13244
13251	0	24T13251
13251	16	24T13251
13251	20	24T13251
13253	20	24T13253
13254	0	24T13254
13254	12	24T13254
13254	16	24T13254
13254	20	24T13254
13254	24	24T13254
13259	24	24T13259
13260	16	24T13260
13260	20	24T13260
13260	24	24T13260
13261	12	24T13261
13261	16	24T13261
13263	16	24T13263
13263	20	24T13263
13263	24	24T13263
13264	16	24T13264
13264	20	24T13264
13264	24	24T13264
13271	16	24T13271
13271	20	24T13271
13271	24	24T13271
13286	16	24T13286
13286	20	24T13286
13286	24	24T13286
13288	16	24T13288
13288	20	24T13288
13288	24	24T13288
13313	16	24T13313
13323	0	24T13323
13323	8	24T13323
13323	12	24T13323
13323	16	24T13323
13325	16	24T13325
13339	4	24T13339
13339	12	24T13339
13350	16	24T13350
13357	24	24T13357
13372	16	24T13372
13372	20	24T13372
13372	24	24T13372
13407	12	24T13407
13408	24	24T13408
13409	12	24T13409
13409	16	24T13409
13409	20	24T13409
13409	24	24T13409
13438	16	24T13438
13442	12	24T13442
13445	8	24T13445
13445	12	24T13445
13445	16	24T13445
13445	20	24T13445
13445	24	24T13445
13446	12	24T13446
13448	12	24T13448
13449	16	24T13449
13449	20	24T13449
13449	24	24T13449
13451	16	24T13451
13451	24	24T13451
13452	4	24T13452
13452	8	24T13452
13452	12	24T13452
13452	16	24T13452
13452	20	24T13452
13452	24	24T13452
13457	12	24T13457
13457	16	24T13457
13457	20	24T13457
13457	24	24T13457
13459	20	24T13459
13460	8	24T13460
13460	12	24T13460
13460	16	24T13460
13460	20	24T13460
13460	24	24T13460
13461	0	24T13461
13461	4	24T13461
13461	8	24T13461
13461	12	24T13461
13461	16	24T13461
13461	20	24T13461
13461	24	24T13461
13469	16	24T13469
13470	12	24T13470
13470	16	24T13470
13470	20	24T13470
13470	24	24T13470
13501	16	24T13501
13501	24	24T13501
13523	0	24T13523
13523	4	24T13523
13523	8	24T13523
13523	12	24T13523
13523	16	24T13523
13523	24	24T13523
13528	12	24T13528
13529	12	24T13529
13531	8	24T13531
13531	12	24T13531
13531	16	24T13531
13531	24	24T13531
13535	24	24T13535
13538	20	24T13538
13545	4	24T13545
13546	20	24T13546
13546	24	24T13546
13549	8	24T13549
13549	24	24T13549
13550	20	24T13550
13550	24	24T13550
13558	4	24T13558
13558	8	24T13558
13558	12	24T13558
13558	16	24T13558
13558	20	24T13558
13558	24	24T13558
13561	4	24T13561
13561	8	24T13561
13561	12	24T13561
13561	16	24T13561
13561	20	24T13561
13561	24	24T13561
13563	4	24T13563
13563	8	24T13563
13563	12	24T13563
13563	16	24T13563
13563	20	24T13563
13563	24	24T13563
13617	12	24T13617
13617	16	24T13617
13617	24	24T13617
13618	16	24T13618
13618	18	24T13618
13618	24	24T13618
13622	8	24T13622
13622	12	24T13622
13622	14	24T13622
13622	16	24T13622
13622	18	24T13622
13622	24	24T13622
13643	24	24T13643
13653	4	24T13653
13677	24	24T13677
13742	16	24T13742
13748	24	24T13748
13753	4	24T13753
13753	12	24T13753
13754	12	24T13754
13755	12	24T13755
13758	0	24T13758
13758	8	24T13758
13758	16	24T13758
13758	24	24T13758
13759	8	24T13759
13759	16	24T13759
13759	24	24T13759
13762	24	24T13762
13763	0	24T13763
13763	24	24T13763
13766	16	24T13766
13766	24	24T13766
13767	16	24T13767
13767	24	24T13767
13774	16	24T13774
13774	24	24T13774
13775	6	24T13775
13775	16	24T13775
13775	24	24T13775
13781	16	24T13781
13781	24	24T13781
13783	24	24T13783
13785	0	24T13785
13785	8	24T13785
13785	12	24T13785
13785	16	24T13785
13785	24	24T13785
13786	4	24T13786
13786	12	24T13786
13787	12	24T13787
13787	16	24T13787
13787	24	24T13787
13788	16	24T13788
13788	24	24T13788
13792	0	24T13792
13792	8	24T13792
13792	16	24T13792
13792	24	24T13792
13793	0	24T13793
13793	2	24T13793
13793	18	24T13793
13793	24	24T13793
13797	4	24T13797
13797	12	24T13797
13798	12	24T13798
13798	16	24T13798
13801	12	24T13801
13806	24	24T13806
13807	16	24T13807
13807	24	24T13807
13808	4	24T13808
13808	12	24T13808
13809	4	24T13809
13809	12	24T13809
13810	4	24T13810
13810	12	24T13810
13810	16	24T13810
13816	4	24T13816
13819	8	24T13819
13819	16	24T13819
13819	24	24T13819
13820	8	24T13820
13820	16	24T13820
13820	24	24T13820
13823	0	24T13823
13823	8	24T13823
13823	16	24T13823
13823	24	24T13823
13827	24	24T13827
13828	16	24T13828
13828	24	24T13828
13831	16	24T13831
13832	16	24T13832
13836	16	24T13836
13836	24	24T13836
13844	8	24T13844
13844	12	24T13844
13844	24	24T13844
13873	0	24T13873
13873	8	24T13873
13873	16	24T13873
13873	24	24T13873
13882	16	24T13882
13882	24	24T13882
13885	4	24T13885
13885	8	24T13885
13885	12	24T13885
13885	16	24T13885
13885	24	24T13885
13890	16	24T13890
13890	24	24T13890
13891	16	24T13891
13891	24	24T13891
13894	16	24T13894
13894	24	24T13894
13897	16	24T13897
13897	24	24T13897
13905	4	24T13905
13905	8	24T13905
13905	12	24T13905
13905	16	24T13905
13905	24	24T13905
13906	24	24T13906
13914	16	24T13914
13914	24	24T13914
13923	16	24T13923
13928	8	24T13928
13928	16	24T13928
13928	24	24T13928
13931	12	24T13931
13931	24	24T13931
13940	16	24T13940
13942	6	24T13942
13942	16	24T13942
13944	8	24T13944
13944	16	24T13944
13944	24	24T13944
13946	6	24T13946
13946	16	24T13946
13947	0	24T13947
13947	6	24T13947
13947	12	24T13947
13947	16	24T13947
13947	24	24T13947
13976	24	24T13976
14147	4	24T14147
14147	20	24T14147
14147	24	24T14147
14148	4	24T14148
14219	20	24T14219
14219	24	24T14219
14336	8	24T14336
14336	16	24T14336
14336	24	24T14336
14337	0	24T14337
14337	8	24T14337
14337	16	24T14337
14338	12	24T14338
14338	16	24T14338
14339	4	24T14339
14339	12	24T14339
14339	24	24T14339
14343	16	24T14343
14352	12	24T14352
14366	8	24T14366
14366	16	24T14366
14367	0	24T14367
14367	8	24T14367
14367	16	24T14367
14367	24	24T14367
14373	0	24T14373
14373	8	24T14373
14373	16	24T14373
14373	24	24T14373
14377	16	24T14377
14381	16	24T14381
14384	16	24T14384
14411	0	24T14411
14411	24	24T14411
14507	4	24T14507
14507	12	24T14507
14507	16	24T14507
14507	24	24T14507
14510	16	24T14510
14510	24	24T14510
14520	12	24T14520
14521	12	24T14521
14522	12	24T14522
14523	12	24T14523
14523	16	24T14523
14528	16	24T14528
14576	8	24T14576
14580	16	24T14580
14832	4	24T14832
14836	20	24T14836
14836	24	24T14836
14846	4	24T14846
14846	12	24T14846
14846	20	24T14846
14850	24	24T14850
14872	0	24T14872
14872	4	24T14872
14872	8	24T14872
14872	12	24T14872
14872	16	24T14872
14872	20	24T14872
14872	24	24T14872
14878	16	24T14878
14879	16	24T14879
14879	20	24T14879
14883	16	24T14883
14883	20	24T14883
14883	24	24T14883
14884	24	24T14884
14887	0	24T14887
14887	4	24T14887
14887	8	24T14887
14887	12	24T14887
14887	16	24T14887
14887	20	24T14887
14887	24	24T14887
14890	0	24T14890
14890	4	24T14890
14890	8	24T14890
14890	12	24T14890
14890	16	24T14890
14890	20	24T14890
14890	24	24T14890
14892	0	24T14892
14892	16	24T14892
14892	24	24T14892
14904	16	24T14904
14904	20	24T14904
14904	24	24T14904
14906	16	24T14906
14906	20	24T14906
14906	24	24T14906
14910	0	24T14910
14910	4	24T14910
14910	20	24T14910
14910	24	24T14910
14912	16	24T14912
14913	16	24T14913
14915	12	24T14915
14915	24	24T14915
14917	12	24T14917
14917	16	24T14917
14917	24	24T14917
14920	12	24T14920
14920	16	24T14920
14920	20	24T14920
14920	24	24T14920
14921	16	24T14921
14921	24	24T14921
14922	4	24T14922
14922	8	24T14922
14922	12	24T14922
14922	16	24T14922
14922	20	24T14922
14922	24	24T14922
14924	12	24T14924
14924	16	24T14924
14924	20	24T14924
14953	24	24T14953
14997	16	24T14997
14997	20	24T14997
14997	24	24T14997
15001	16	24T15001
15001	20	24T15001
15001	24	24T15001
15002	16	24T15002
15002	24	24T15002
15006	24	24T15006
15012	0	24T15012
15012	16	24T15012
15012	20	24T15012
15012	24	24T15012
15024	16	24T15024
15032	16	24T15032
15048	10	24T15048
15048	14	24T15048
15048	16	24T15048
15048	18	24T15048
15048	20	24T15048
15091	4	24T15091
15091	8	24T15091
15091	12	24T15091
15091	16	24T15091
15091	20	24T15091
15091	24	24T15091
15093	20	24T15093
15094	0	24T15094
15094	20	24T15094
15094	24	24T15094
15095	20	24T15095
15095	24	24T15095
15096	20	24T15096
15099	16	24T15099
15099	20	24T15099
15099	24	24T15099
15104	20	24T15104
15104	24	24T15104
15109	16	24T15109
15109	20	24T15109
15109	24	24T15109
15111	16	24T15111
15114	24	24T15114
15115	12	24T15115
15115	16	24T15115
15115	20	24T15115
15115	24	24T15115
15120	20	24T15120
15120	24	24T15120
15127	0	24T15127
15127	4	24T15127
15127	8	24T15127
15127	12	24T15127
15127	16	24T15127
15127	20	24T15127
15127	24	24T15127
15135	4	24T15135
15135	12	24T15135
15135	20	24T15135
15136	20	24T15136
15136	24	24T15136
15144	12	24T15144
15144	20	24T15144
15144	24	24T15144
15149	20	24T15149
15149	24	24T15149
15152	16	24T15152
15152	20	24T15152
15156	20	24T15156
15158	12	24T15158
15158	16	24T15158
15170	6	24T15170
15171	20	24T15171
15178	20	24T15178
15180	20	24T15180
15182	20	24T15182
15182	24	24T15182
15183	20	24T15183
15184	12	24T15184
15184	20	24T15184
15184	24	24T15184
15186	12	24T15186
15186	16	24T15186
15186	20	24T15186
15186	24	24T15186
15196	12	24T15196
15196	16	24T15196
15196	20	24T15196
15196	24	24T15196
15198	4	24T15198
15198	8	24T15198
15198	12	24T15198
15198	16	24T15198
15198	20	24T15198
15198	24	24T15198
15199	0	24T15199
15199	4	24T15199
15199	12	24T15199
15199	16	24T15199
15200	6	24T15200
15203	20	24T15203
15205	12	24T15205
15205	16	24T15205
15207	20	24T15207
15208	24	24T15208
15223	24	24T15223
15224	16	24T15224
15234	16	24T15234
15234	20	24T15234
15234	24	24T15234
15235	20	24T15235
15237	20	24T15237
15237	24	24T15237
15251	12	24T15251
15252	12	24T15252
15252	16	24T15252
15253	16	24T15253
15254	20	24T15254
15255	12	24T15255
15255	16	24T15255
15255	20	24T15255
15255	24	24T15255
15260	20	24T15260
15260	24	24T15260
15264	20	24T15264
15264	24	24T15264
15268	20	24T15268
15268	24	24T15268
15277	12	24T15277
15277	16	24T15277
15277	20	24T15277
15277	24	24T15277
15280	12	24T15280
15280	16	24T15280
15280	20	24T15280
15282	20	24T15282
15288	12	24T15288
15288	16	24T15288
15288	20	24T15288
15288	24	24T15288
15295	20	24T15295
15295	24	24T15295
15296	4	24T15296
15296	12	24T15296
15296	20	24T15296
15296	24	24T15296
15297	20	24T15297
15299	20	24T15299
15313	4	24T15313
15313	20	24T15313
15321	16	24T15321
15326	20	24T15326
15326	24	24T15326
15328	4	24T15328
15328	20	24T15328
15328	24	24T15328
15331	20	24T15331
15331	24	24T15331
15333	20	24T15333
15339	20	24T15339
15345	0	24T15345
15345	4	24T15345
15345	8	24T15345
15345	12	24T15345
15345	16	24T15345
15345	20	24T15345
15345	24	24T15345
15347	24	24T15347
15351	16	24T15351
15353	20	24T15353
15359	20	24T15359
15359	24	24T15359
15361	20	24T15361
15361	24	24T15361
15362	20	24T15362
15362	24	24T15362
15368	20	24T15368
15368	24	24T15368
15369	20	24T15369
15369	24	24T15369
15375	20	24T15375
15375	24	24T15375
15377	20	24T15377
15377	24	24T15377
15378	0	24T15378
15378	4	24T15378
15378	20	24T15378
15378	24	24T15378
15380	20	24T15380
15381	20	24T15381
15381	24	24T15381
15383	20	24T15383
15385	0	24T15385
15385	16	24T15385
15385	20	24T15385
15385	24	24T15385
15386	20	24T15386
15392	24	24T15392
15393	12	24T15393
15393	16	24T15393
15393	20	24T15393
15393	24	24T15393
15398	6	24T15398
15398	20	24T15398
15398	24	24T15398
15400	20	24T15400
15400	24	24T15400
15402	16	24T15402
15403	20	24T15403
15404	20	24T15404
15404	24	24T15404
15406	6	24T15406
15408	20	24T15408
15408	24	24T15408
15410	20	24T15410
15411	4	24T15411
15411	20	24T15411
15411	24	24T15411
15413	12	24T15413
15413	16	24T15413
15413	20	24T15413
15413	24	24T15413
15414	24	24T15414
15417	20	24T15417
15417	24	24T15417
15418	20	24T15418
15418	24	24T15418
15420	0	24T15420
15420	16	24T15420
15420	20	24T15420
15420	24	24T15420
15421	6	24T15421
15421	12	24T15421
15421	16	24T15421
15421	20	24T15421
15421	24	24T15421
15426	20	24T15426
15435	6	24T15435
15435	12	24T15435
15435	16	24T15435
15435	20	24T15435
15435	24	24T15435
15436	0	24T15436
15436	4	24T15436
15436	8	24T15436
15436	12	24T15436
15436	20	24T15436
15436	24	24T15436
15437	12	24T15437
15438	20	24T15438
15441	16	24T15441
15441	20	24T15441
15441	24	24T15441
15443	16	24T15443
15443	20	24T15443
15443	24	24T15443
15446	16	24T15446
15467	16	24T15467
15467	24	24T15467
15476	20	24T15476
15481	4	24T15481
15487	0	24T15487
15487	16	24T15487
15487	20	24T15487
15487	24	24T15487
15488	16	24T15488
15488	20	24T15488
15488	24	24T15488
15491	20	24T15491
15492	0	24T15492
15492	20	24T15492
15492	24	24T15492
15510	0	24T15510
15510	16	24T15510
15510	20	24T15510
15510	24	24T15510
15511	20	24T15511
15512	0	24T15512
15512	16	24T15512
15512	20	24T15512
15512	24	24T15512
15515	20	24T15515
15515	24	24T15515
15516	20	24T15516
15516	24	24T15516
15518	16	24T15518
15518	20	24T15518
15518	24	24T15518
15519	0	24T15519
15519	4	24T15519
15519	6	24T15519
15519	8	24T15519
15519	12	24T15519
15519	16	24T15519
15519	20	24T15519
15519	24	24T15519
15522	8	24T15522
15522	12	24T15522
15522	16	24T15522
15522	20	24T15522
15522	24	24T15522
15524	4	24T15524
15524	8	24T15524
15524	12	24T15524
15524	16	24T15524
15524	20	24T15524
15524	24	24T15524
15526	4	24T15526
15526	12	24T15526
15526	16	24T15526
15526	20	24T15526
15528	12	24T15528
15528	16	24T15528
15528	20	24T15528
15529	20	24T15529
15531	16	24T15531
15531	20	24T15531
15531	24	24T15531
15541	20	24T15541
15542	16	24T15542
15542	20	24T15542
15542	24	24T15542
15543	20	24T15543
15544	20	24T15544
15544	24	24T15544
15549	20	24T15549
15550	4	24T15550
15550	12	24T15550
15550	16	24T15550
15550	20	24T15550
15550	24	24T15550
15553	16	24T15553
15553	20	24T15553
15554	20	24T15554
15573	12	24T15573
15573	16	24T15573
15573	24	24T15573
15574	20	24T15574
15574	24	24T15574
15575	16	24T15575
15575	24	24T15575
15580	12	24T15580
15580	16	24T15580
15580	24	24T15580
15581	12	24T15581
15581	16	24T15581
15581	20	24T15581
15581	24	24T15581
15582	16	24T15582
15582	24	24T15582
15584	16	24T15584
15586	24	24T15586
15590	0	24T15590
15590	16	24T15590
15590	20	24T15590
15590	24	24T15590
15592	16	24T15592
15592	20	24T15592
15592	24	24T15592
15598	8	24T15598
15598	16	24T15598
15598	20	24T15598
15598	24	24T15598
15602	20	24T15602
15616	0	24T15616
15616	4	24T15616
15616	8	24T15616
15616	12	24T15616
15616	16	24T15616
15616	20	24T15616
15616	24	24T15616
15621	0	24T15621
15621	4	24T15621
15621	8	24T15621
15621	12	24T15621
15621	16	24T15621
15621	20	24T15621
15621	24	24T15621
15622	20	24T15622
15628	12	24T15628
15628	16	24T15628
15628	20	24T15628
15631	12	24T15631
15631	16	24T15631
15631	24	24T15631
15633	0	24T15633
15633	12	24T15633
15633	16	24T15633
15633	20	24T15633
15633	24	24T15633
15636	16	24T15636
15636	20	24T15636
15636	24	24T15636
15637	20	24T15637
15638	20	24T15638
15638	24	24T15638
15640	20	24T15640
15641	20	24T15641
15642	0	24T15642
15642	4	24T15642
15642	8	24T15642
15642	12	24T15642
15642	16	24T15642
15642	20	24T15642
15642	24	24T15642
15651	0	24T15651
15651	4	24T15651
15651	8	24T15651
15651	12	24T15651
15651	16	24T15651
15651	20	24T15651
15651	24	24T15651
15652	0	24T15652
15652	4	24T15652
15652	8	24T15652
15652	12	24T15652
15652	16	24T15652
15652	20	24T15652
15652	24	24T15652
15653	0	24T15653
15653	16	24T15653
15653	20	24T15653
15653	24	24T15653
15659	0	24T15659
15659	8	24T15659
15659	12	24T15659
15659	16	24T15659
15659	20	24T15659
15660	0	24T15660
15660	4	24T15660
15660	8	24T15660
15660	12	24T15660
15660	16	24T15660
15660	20	24T15660
15660	24	24T15660
15661	0	24T15661
15661	16	24T15661
15661	20	24T15661
15661	24	24T15661
15662	20	24T15662
15662	24	24T15662
15670	4	24T15670
15670	8	24T15670
15670	12	24T15670
15670	16	24T15670
15670	20	24T15670
15670	24	24T15670
15673	16	24T15673
15673	20	24T15673
15673	24	24T15673
15674	8	24T15674
15674	12	24T15674
15674	16	24T15674
15674	20	24T15674
15674	24	24T15674
15677	24	24T15677
15720	24	24T15720
15758	12	24T15758
15758	16	24T15758
15758	20	24T15758
15758	24	24T15758
15763	12	24T15763
15763	16	24T15763
15763	20	24T15763
15763	24	24T15763
15770	0	24T15770
15770	4	24T15770
15770	8	24T15770
15770	12	24T15770
15770	16	24T15770
15770	20	24T15770
15770	24	24T15770
15771	16	24T15771
15772	20	24T15772
15775	8	24T15775
15775	12	24T15775
15775	16	24T15775
15775	20	24T15775
15775	24	24T15775
15776	16	24T15776
15776	24	24T15776
15779	16	24T15779
15779	20	24T15779
15779	24	24T15779
15787	16	24T15787
15845	24	24T15845
15851	24	24T15851
15857	24	24T15857
15863	24	24T15863
15868	16	24T15868
15868	24	24T15868
15876	16	24T15876
15876	24	24T15876
15880	16	24T15880
15880	24	24T15880
15884	16	24T15884
15884	24	24T15884
15891	24	24T15891
15892	0	24T15892
15892	8	24T15892
15892	16	24T15892
15892	24	24T15892
15894	0	24T15894
15894	24	24T15894
15895	12	24T15895
15896	12	24T15896
15900	0	24T15900
15900	4	24T15900
15900	8	24T15900
15900	12	24T15900
15900	16	24T15900
15900	24	24T15900
15901	18	24T15901
15901	24	24T15901
15902	24	24T15902
15904	16	24T15904
15908	4	24T15908
15908	12	24T15908
15910	24	24T15910
15915	24	24T15915
15922	16	24T15922
15922	24	24T15922
15923	16	24T15923
15923	24	24T15923
15924	24	24T15924
15926	12	24T15926
15927	12	24T15927
15932	16	24T15932
15932	24	24T15932
15935	16	24T15935
15935	24	24T15935
15937	16	24T15937
15937	24	24T15937
15941	24	24T15941
15942	16	24T15942
15944	24	24T15944
15945	16	24T15945
15945	24	24T15945
15947	16	24T15947
15956	12	24T15956
15957	12	24T15957
15958	12	24T15958
15959	12	24T15959
15961	16	24T15961
15963	12	24T15963
15964	12	24T15964
15966	24	24T15966
15967	24	24T15967
15969	24	24T15969
15975	12	24T15975
15975	16	24T15975
15975	24	24T15975
15978	24	24T15978
16003	24	24T16003
16029	24	24T16029
16030	12	24T16030
16030	24	24T16030
16152	0	24T16152
16154	8	24T16154
16154	12	24T16154
16154	16	24T16154
16154	20	24T16154
16154	24	24T16154
16185	16	24T16185
16185	20	24T16185
16185	24	24T16185
16188	16	24T16188
16188	20	24T16188
16188	24	24T16188
16204	8	24T16204
16204	12	24T16204
16204	16	24T16204
16204	24	24T16204
16220	24	24T16220
16222	24	24T16222
16225	4	24T16225
16225	12	24T16225
16225	16	24T16225
16225	20	24T16225
16225	24	24T16225
16226	4	24T16226
16226	12	24T16226
16226	16	24T16226
16226	20	24T16226
16226	24	24T16226
16245	4	24T16245
16245	20	24T16245
16248	20	24T16248
16249	4	24T16249
16249	20	24T16249
16251	16	24T16251
16251	20	24T16251
16253	16	24T16253
16253	20	24T16253
16253	24	24T16253
16264	12	24T16264
16264	16	24T16264
16264	20	24T16264
16265	20	24T16265
16268	4	24T16268
16268	8	24T16268
16268	12	24T16268
16268	16	24T16268
16268	20	24T16268
16268	24	24T16268
16269	16	24T16269
16269	20	24T16269
16291	12	24T16291
16291	16	24T16291
16295	8	24T16295
16295	12	24T16295
16295	16	24T16295
16295	20	24T16295
16295	24	24T16295
16297	8	24T16297
16297	12	24T16297
16297	16	24T16297
16297	20	24T16297
16297	24	24T16297
16300	16	24T16300
16303	8	24T16303
16303	12	24T16303
16303	16	24T16303
16303	20	24T16303
16303	24	24T16303
16306	12	24T16306
16307	20	24T16307
16311	20	24T16311
16312	16	24T16312
16312	20	24T16312
16313	8	24T16313
16313	12	24T16313
16313	16	24T16313
16313	20	24T16313
16313	24	24T16313
16315	4	24T16315
16315	8	24T16315
16315	12	24T16315
16315	16	24T16315
16315	20	24T16315
16317	4	24T16317
16317	8	24T16317
16317	12	24T16317
16317	16	24T16317
16317	20	24T16317
16321	20	24T16321
16326	4	24T16326
16326	8	24T16326
16326	16	24T16326
16326	20	24T16326
16328	20	24T16328
16329	20	24T16329
16331	20	24T16331
16332	16	24T16332
16332	20	24T16332
16335	8	24T16335
16335	12	24T16335
16335	16	24T16335
16345	4	24T16345
16345	12	24T16345
16345	16	24T16345
16345	20	24T16345
16348	20	24T16348
16352	4	24T16352
16352	16	24T16352
16352	20	24T16352
16358	8	24T16358
16358	12	24T16358
16377	24	24T16377
16378	24	24T16378
16381	24	24T16381
16394	16	24T16394
16394	24	24T16394
16395	16	24T16395
16395	24	24T16395
16399	16	24T16399
16399	24	24T16399
16401	12	24T16401
16428	16	24T16428
16428	24	24T16428
16430	16	24T16430
16430	24	24T16430
16432	16	24T16432
16433	16	24T16433
16433	24	24T16433
16436	8	24T16436
16436	24	24T16436
16438	12	24T16438
16438	16	24T16438
16446	16	24T16446
16446	24	24T16446
16448	16	24T16448
16448	24	24T16448
16451	16	24T16451
16451	24	24T16451
16456	16	24T16456
16460	12	24T16460
16464	12	24T16464
16464	16	24T16464
16464	24	24T16464
16468	12	24T16468
16468	24	24T16468
16470	12	24T16470
16477	16	24T16477
16480	16	24T16480
16484	16	24T16484
16489	4	24T16489
16489	12	24T16489
16492	16	24T16492
16492	24	24T16492
16493	8	24T16493
16493	16	24T16493
16493	24	24T16493
16495	12	24T16495
16497	12	24T16497
16497	24	24T16497
16504	16	24T16504
16505	16	24T16505
16505	24	24T16505
16506	4	24T16506
16506	12	24T16506
16507	4	24T16507
16507	12	24T16507
16507	16	24T16507
16507	24	24T16507
16537	12	24T16537
16537	24	24T16537
16538	6	24T16538
16546	4	24T16546
16549	12	24T16549
16567	8	24T16567
16567	16	24T16567
16571	8	24T16571
16571	16	24T16571
16601	16	24T16601
16601	24	24T16601
16603	0	24T16603
16603	12	24T16603
16603	16	24T16603
16603	24	24T16603
16612	16	24T16612
16612	24	24T16612
16614	24	24T16614
16615	24	24T16615
16747	24	24T16747
16752	24	24T16752
16827	16	24T16827
16827	20	24T16827
16827	24	24T16827
16828	16	24T16828
16828	20	24T16828
16828	24	24T16828
16829	16	24T16829
16829	20	24T16829
16848	6	24T16848
16848	20	24T16848
16848	24	24T16848
16854	20	24T16854
16856	20	24T16856
16857	4	24T16857
16857	8	24T16857
16857	12	24T16857
16857	16	24T16857
16857	20	24T16857
16857	24	24T16857
16859	8	24T16859
16859	12	24T16859
16859	16	24T16859
16859	20	24T16859
16859	24	24T16859
16861	12	24T16861
16861	16	24T16861
16861	20	24T16861
16861	24	24T16861
16862	0	24T16862
16862	4	24T16862
16862	8	24T16862
16864	0	24T16864
16864	16	24T16864
16864	20	24T16864
16864	24	24T16864
16871	16	24T16871
16871	20	24T16871
16871	24	24T16871
16902	0	24T16902
16902	4	24T16902
16902	8	24T16902
16902	12	24T16902
16902	16	24T16902
16902	24	24T16902
16905	0	24T16905
16905	8	24T16905
16905	16	24T16905
16905	24	24T16905
16908	8	24T16908
16908	12	24T16908
16908	16	24T16908
16910	4	24T16910
16910	8	24T16910
16910	12	24T16910
16910	16	24T16910
16910	20	24T16910
16910	24	24T16910
16922	8	24T16922
16922	16	24T16922
16922	24	24T16922
16924	24	24T16924
16932	0	24T16932
16932	16	24T16932
16933	0	24T16933
16933	8	24T16933
16934	0	24T16934
16934	4	24T16934
16934	8	24T16934
16934	12	24T16934
16934	16	24T16934
16934	20	24T16934
16935	0	24T16935
16935	4	24T16935
16935	8	24T16935
16935	12	24T16935
16935	20	24T16935
16939	16	24T16939
16941	12	24T16941
16941	24	24T16941
16949	20	24T16949
16951	24	24T16951
16969	12	24T16969
16969	20	24T16969
16974	24	24T16974
16975	12	24T16975
16975	20	24T16975
16978	4	24T16978
16978	20	24T16978
16979	24	24T16979
17004	12	24T17004
17006	20	24T17006
17008	4	24T17008
17008	20	24T17008
17010	8	24T17010
17013	12	24T17013
17013	16	24T17013
17013	20	24T17013
17039	24	24T17039
17040	12	24T17040
17040	16	24T17040
17040	20	24T17040
17040	24	24T17040
17043	12	24T17043
17049	4	24T17049
17049	12	24T17049
17049	20	24T17049
17049	24	24T17049
17050	8	24T17050
17050	16	24T17050
17050	24	24T17050
17068	20	24T17068
17068	24	24T17068
17104	20	24T17104
17109	20	24T17109
17156	20	24T17156
17156	24	24T17156
17225	20	24T17225
17226	12	24T17226
17226	16	24T17226
17226	20	24T17226
17226	24	24T17226
17230	20	24T17230
17231	20	24T17231
17231	24	24T17231
17239	4	24T17239
17239	8	24T17239
17239	12	24T17239
17239	16	24T17239
17239	20	24T17239
17239	24	24T17239
17247	16	24T17247
17250	16	24T17250
17250	20	24T17250
17250	24	24T17250
17253	20	24T17253
17253	24	24T17253
17255	20	24T17255
17259	20	24T17259
17271	4	24T17271
17271	8	24T17271
17271	12	24T17271
17271	16	24T17271
17271	20	24T17271
17271	24	24T17271
17283	20	24T17283
17283	24	24T17283
17284	20	24T17284
17288	16	24T17288
17288	20	24T17288
17288	24	24T17288
17290	16	24T17290
17290	20	24T17290
17290	24	24T17290
17292	20	24T17292
17292	24	24T17292
17310	24	24T17310
17311	20	24T17311
17311	24	24T17311
17313	20	24T17313
17313	24	24T17313
17317	20	24T17317
17324	20	24T17324
17324	24	24T17324
17326	16	24T17326
17326	20	24T17326
17326	24	24T17326
17341	8	24T17341
17341	12	24T17341
17341	16	24T17341
17341	20	24T17341
17341	24	24T17341
17346	20	24T17346
17346	24	24T17346
17348	16	24T17348
17357	20	24T17357
17357	24	24T17357
17363	8	24T17363
17363	12	24T17363
17363	16	24T17363
17363	20	24T17363
17363	24	24T17363
17364	20	24T17364
17369	20	24T17369
17375	20	24T17375
17381	20	24T17381
17384	12	24T17384
17384	16	24T17384
17387	8	24T17387
17387	12	24T17387
17387	16	24T17387
17387	20	24T17387
17387	24	24T17387
17399	20	24T17399
17399	24	24T17399
17402	12	24T17402
17402	16	24T17402
17402	20	24T17402
17402	24	24T17402
17403	8	24T17403
17403	12	24T17403
17403	16	24T17403
17403	20	24T17403
17403	24	24T17403
17417	8	24T17417
17417	12	24T17417
17417	16	24T17417
17417	20	24T17417
17417	24	24T17417
17425	12	24T17425
17425	16	24T17425
17425	20	24T17425
17425	24	24T17425
17426	20	24T17426
17426	24	24T17426
17434	0	24T17434
17434	16	24T17434
17434	20	24T17434
17434	24	24T17434
17435	20	24T17435
17436	24	24T17436
17438	20	24T17438
17441	16	24T17441
17442	16	24T17442
17442	24	24T17442
17443	16	24T17443
17443	20	24T17443
17443	24	24T17443
17448	8	24T17448
17448	12	24T17448
17448	16	24T17448
17448	20	24T17448
17448	24	24T17448
17450	12	24T17450
17450	16	24T17450
17451	8	24T17451
17456	16	24T17456
17457	12	24T17457
17457	16	24T17457
17458	20	24T17458
17458	24	24T17458
17460	8	24T17460
17460	12	24T17460
17460	16	24T17460
17460	20	24T17460
17460	24	24T17460
17466	16	24T17466
17466	24	24T17466
17468	16	24T17468
17470	20	24T17470
17477	20	24T17477
17477	24	24T17477
17478	20	24T17478
17478	24	24T17478
17484	4	24T17484
17484	8	24T17484
17484	12	24T17484
17484	16	24T17484
17484	20	24T17484
17484	24	24T17484
17488	20	24T17488
17488	24	24T17488
17489	20	24T17489
17499	20	24T17499
17500	4	24T17500
17500	8	24T17500
17500	12	24T17500
17500	16	24T17500
17500	20	24T17500
17500	24	24T17500
17503	12	24T17503
17503	16	24T17503
17506	8	24T17506
17506	12	24T17506
17506	16	24T17506
17506	20	24T17506
17506	24	24T17506
17507	20	24T17507
17514	4	24T17514
17514	8	24T17514
17514	12	24T17514
17514	16	24T17514
17514	20	24T17514
17514	24	24T17514
17521	8	24T17521
17521	12	24T17521
17521	20	24T17521
17521	24	24T17521
17524	20	24T17524
17524	24	24T17524
17525	12	24T17525
17525	20	24T17525
17525	24	24T17525
17526	20	24T17526
17526	24	24T17526
17538	20	24T17538
17543	16	24T17543
17543	20	24T17543
17543	24	24T17543
17544	16	24T17544
17546	16	24T17546
17546	20	24T17546
17558	12	24T17558
17564	8	24T17564
17564	12	24T17564
17564	16	24T17564
17564	24	24T17564
17588	20	24T17588
17597	4	24T17597
17597	16	24T17597
17597	20	24T17597
17604	16	24T17604
17604	20	24T17604
17604	24	24T17604
17606	16	24T17606
17609	20	24T17609
17609	24	24T17609
17628	10	24T17628
17628	14	24T17628
17628	18	24T17628
17629	10	24T17629
17635	16	24T17635
17638	24	24T17638
17642	8	24T17642
17642	12	24T17642
17642	16	24T17642
17642	20	24T17642
17642	24	24T17642
17645	12	24T17645
17645	20	24T17645
17648	8	24T17648
17648	12	24T17648
17648	16	24T17648
17648	20	24T17648
17648	24	24T17648
17649	8	24T17649
17649	12	24T17649
17649	16	24T17649
17649	20	24T17649
17649	24	24T17649
17652	12	24T17652
17652	16	24T17652
17652	20	24T17652
17652	24	24T17652
17667	20	24T17667
17675	16	24T17675
17675	20	24T17675
17675	24	24T17675
17684	20	24T17684
17723	16	24T17723
17723	20	24T17723
17723	24	24T17723
17726	12	24T17726
17726	16	24T17726
17726	20	24T17726
17734	16	24T17734
17734	20	24T17734
17734	24	24T17734
17743	12	24T17743
17743	16	24T17743
17743	20	24T17743
17743	24	24T17743
17768	8	24T17768
17768	12	24T17768
17768	16	24T17768
17768	20	24T17768
17768	24	24T17768
17769	20	24T17769
17770	16	24T17770
17770	24	24T17770
17772	16	24T17772
17772	20	24T17772
17774	20	24T17774
17777	24	24T17777
17785	12	24T17785
17798	16	24T17798
17801	24	24T17801
17802	12	24T17802
17802	16	24T17802
17802	24	24T17802
17879	12	24T17879
17879	16	24T17879
17879	20	24T17879
17879	24	24T17879
17882	8	24T17882
17882	12	24T17882
17882	16	24T17882
17882	20	24T17882
17882	24	24T17882
17888	24	24T17888
17893	4	24T17893
17893	8	24T17893
17893	16	24T17893
17893	20	24T17893
17893	24	24T17893
17894	24	24T17894
17913	0	24T17913
17913	4	24T17913
17913	12	24T17913
17913	16	24T17913
17913	24	24T17913
17914	16	24T17914
17934	16	24T17934
17934	24	24T17934
18016	0	24T18016
18016	4	24T18016
18016	8	24T18016
18016	16	24T18016
18016	20	24T18016
18016	24	24T18016
18019	24	24T18019
18041	12	24T18041
18041	16	24T18041
18041	20	24T18041
18041	24	24T18041
18072	8	24T18072
18072	12	24T18072
18072	16	24T18072
18072	20	24T18072
18072	24	24T18072
18129	20	24T18129
18131	8	24T18131
18131	12	24T18131
18131	16	24T18131
18131	20	24T18131
18131	24	24T18131
18141	0	24T18141
18141	4	24T18141
18141	8	24T18141
18141	12	24T18141
18141	16	24T18141
18141	20	24T18141
18141	24	24T18141
18143	12	24T18143
18143	24	24T18143
18147	8	24T18147
18147	12	24T18147
18147	16	24T18147
18147	20	24T18147
18147	24	24T18147
18149	0	24T18149
18149	4	24T18149
18149	8	24T18149
18149	12	24T18149
18149	16	24T18149
18149	20	24T18149
18149	24	24T18149
18153	20	24T18153
18153	24	24T18153
18154	0	24T18154
18154	4	24T18154
18154	12	24T18154
18154	16	24T18154
18154	20	24T18154
18154	24	24T18154
18161	12	24T18161
18161	24	24T18161
18162	16	24T18162
18166	20	24T18166
18167	16	24T18167
18167	20	24T18167
18167	24	24T18167
18175	20	24T18175
18178	16	24T18178
18178	20	24T18178
18180	16	24T18180
18180	20	24T18180
18180	24	24T18180
18187	16	24T18187
18187	24	24T18187
18188	16	24T18188
18188	24	24T18188
18193	16	24T18193
18208	20	24T18208
18211	20	24T18211
18216	16	24T18216
18219	16	24T18219
18220	12	24T18220
18220	16	24T18220
18220	20	24T18220
18221	12	24T18221
18221	16	24T18221
18221	20	24T18221
18221	24	24T18221
18263	16	24T18263
18311	4	24T18311
18311	24	24T18311
18325	8	24T18325
18325	16	24T18325
18325	24	24T18325
18327	0	24T18327
18327	8	24T18327
18327	16	24T18327
18327	24	24T18327
18330	12	24T18330
18348	24	24T18348
18349	4	24T18349
18349	24	24T18349
18350	12	24T18350
18351	16	24T18351
18351	24	24T18351
18352	12	24T18352
18356	16	24T18356
18356	24	24T18356
18357	16	24T18357
18357	24	24T18357
18358	0	24T18358
18358	16	24T18358
18399	0	24T18399
18399	8	24T18399
18399	16	24T18399
18399	24	24T18399
18411	12	24T18411
18411	16	24T18411
18411	24	24T18411
18441	24	24T18441
18519	24	24T18519
18524	24	24T18524
18585	20	24T18585
18588	8	24T18588
18588	16	24T18588
18635	20	24T18635
18636	20	24T18636
18642	8	24T18642
18642	20	24T18642
18642	24	24T18642
18643	20	24T18643
18644	8	24T18644
18644	12	24T18644
18644	16	24T18644
18644	24	24T18644
18645	24	24T18645
18662	16	24T18662
18662	24	24T18662
18663	4	24T18663
18663	8	24T18663
18663	12	24T18663
18663	16	24T18663
18663	20	24T18663
18663	24	24T18663
18664	12	24T18664
18664	16	24T18664
18664	24	24T18664
18665	12	24T18665
18665	16	24T18665
18665	20	24T18665
18665	24	24T18665
18666	4	24T18666
18666	8	24T18666
18666	12	24T18666
18666	16	24T18666
18666	20	24T18666
18666	24	24T18666
18667	4	24T18667
18667	8	24T18667
18667	12	24T18667
18667	16	24T18667
18667	20	24T18667
18667	24	24T18667
18685	12	24T18685
18685	16	24T18685
18685	24	24T18685
18697	16	24T18697
18699	8	24T18699
18699	16	24T18699
18699	20	24T18699
18699	24	24T18699
18703	0	24T18703
18703	4	24T18703
18703	8	24T18703
18703	12	24T18703
18703	16	24T18703
18703	20	24T18703
18703	24	24T18703
18705	0	24T18705
18705	4	24T18705
18705	6	24T18705
18705	8	24T18705
18705	12	24T18705
18705	16	24T18705
18705	20	24T18705
18705	24	24T18705
18709	6	24T18709
18713	6	24T18713
18713	24	24T18713
18719	24	24T18719
18737	0	24T18737
18737	16	24T18737
18737	20	24T18737
18737	24	24T18737
18738	0	24T18738
18738	16	24T18738
18738	20	24T18738
18738	24	24T18738
18739	0	24T18739
18739	16	24T18739
18739	20	24T18739
18739	24	24T18739
18741	0	24T18741
18741	16	24T18741
18741	20	24T18741
18741	24	24T18741
18742	0	24T18742
18742	16	24T18742
18742	20	24T18742
18742	24	24T18742
18744	24	24T18744
18764	8	24T18764
18764	12	24T18764
18764	16	24T18764
18764	20	24T18764
18764	24	24T18764
18765	8	24T18765
18765	12	24T18765
18765	16	24T18765
18765	20	24T18765
18765	24	24T18765
18768	0	24T18768
18768	4	24T18768
18768	8	24T18768
18768	12	24T18768
18768	16	24T18768
18768	20	24T18768
18768	24	24T18768
18769	0	24T18769
18769	4	24T18769
18769	8	24T18769
18769	12	24T18769
18769	16	24T18769
18769	20	24T18769
18769	24	24T18769
18771	20	24T18771
18771	24	24T18771
18773	12	24T18773
18773	16	24T18773
18773	20	24T18773
18773	24	24T18773
18774	16	24T18774
18774	20	24T18774
18774	24	24T18774
18777	16	24T18777
18777	20	24T18777
18777	24	24T18777
18779	20	24T18779
18779	24	24T18779
18780	12	24T18780
18780	16	24T18780
18780	20	24T18780
18780	24	24T18780
18781	20	24T18781
18786	24	24T18786
18790	0	24T18790
18790	4	24T18790
18790	8	24T18790
18790	12	24T18790
18790	16	24T18790
18790	20	24T18790
18790	24	24T18790
18791	0	24T18791
18792	0	24T18792
18792	4	24T18792
18792	8	24T18792
18792	16	24T18792
18792	20	24T18792
18792	24	24T18792
18793	4	24T18793
18793	8	24T18793
18793	12	24T18793
18793	24	24T18793
18798	8	24T18798
18798	12	24T18798
18798	16	24T18798
18798	20	24T18798
18798	24	24T18798
18800	8	24T18800
18800	12	24T18800
18800	16	24T18800
18800	20	24T18800
18800	24	24T18800
18802	0	24T18802
18802	4	24T18802
18802	8	24T18802
18802	12	24T18802
18802	16	24T18802
18802	20	24T18802
18802	24	24T18802
18804	4	24T18804
18804	12	24T18804
18804	16	24T18804
18804	20	24T18804
18804	24	24T18804
18810	0	24T18810
18810	4	24T18810
18810	8	24T18810
18810	12	24T18810
18810	16	24T18810
18810	20	24T18810
18810	24	24T18810
18811	8	24T18811
18811	12	24T18811
18811	16	24T18811
18811	20	24T18811
18811	24	24T18811
18812	20	24T18812
18812	24	24T18812
18818	0	24T18818
18818	4	24T18818
18818	8	24T18818
18818	12	24T18818
18818	16	24T18818
18818	20	24T18818
18818	24	24T18818
18819	0	24T18819
18819	4	24T18819
18819	8	24T18819
18819	12	24T18819
18819	16	24T18819
18819	20	24T18819
18819	24	24T18819
18820	4	24T18820
18820	8	24T18820
18820	20	24T18820
18820	24	24T18820
18821	4	24T18821
18821	12	24T18821
18821	16	24T18821
18821	20	24T18821
18821	24	24T18821
18830	0	24T18830
18832	0	24T18832
18832	16	24T18832
18832	24	24T18832
18833	24	24T18833
18843	16	24T18843
18843	18	24T18843
18843	20	24T18843
18861	24	24T18861
18878	20	24T18878
18880	20	24T18880
18881	20	24T18881
18881	24	24T18881
18883	20	24T18883
18883	24	24T18883
18884	16	24T18884
18884	24	24T18884
18885	20	24T18885
18885	24	24T18885
18888	20	24T18888
18890	20	24T18890
18897	0	24T18897
18897	4	24T18897
18897	8	24T18897
18897	12	24T18897
18897	16	24T18897
18897	20	24T18897
18897	24	24T18897
18903	20	24T18903
18903	24	24T18903
18905	24	24T18905
18906	16	24T18906
18906	20	24T18906
18906	24	24T18906
18907	20	24T18907
18907	24	24T18907
18908	20	24T18908
18916	2	24T18916
18917	16	24T18917
18917	20	24T18917
18917	24	24T18917
18922	24	24T18922
18923	16	24T18923
18923	20	24T18923
18924	20	24T18924
18924	24	24T18924
18928	20	24T18928
18928	24	24T18928
18930	20	24T18930
18931	20	24T18931
18931	24	24T18931
18935	16	24T18935
18935	20	24T18935
18935	24	24T18935
18941	20	24T18941
18941	24	24T18941
18944	16	24T18944
18944	20	24T18944
18944	24	24T18944
18947	24	24T18947
18954	0	24T18954
18954	16	24T18954
18954	20	24T18954
18954	24	24T18954
18961	0	24T18961
18961	16	24T18961
18961	20	24T18961
18961	24	24T18961
18963	16	24T18963
18963	20	24T18963
18963	24	24T18963
18964	20	24T18964
18964	24	24T18964
18965	20	24T18965
18966	20	24T18966
18966	24	24T18966
18967	16	24T18967
18967	20	24T18967
18969	20	24T18969
18969	24	24T18969
18970	20	24T18970
18972	20	24T18972
18972	24	24T18972
18974	20	24T18974
18974	24	24T18974
18975	20	24T18975
18975	24	24T18975
18977	20	24T18977
18982	0	24T18982
18982	8	24T18982
18982	12	24T18982
18982	16	24T18982
18982	20	24T18982
18982	24	24T18982
18983	16	24T18983
18983	20	24T18983
18984	0	24T18984
18984	8	24T18984
18984	12	24T18984
18984	16	24T18984
18984	20	24T18984
18984	24	24T18984
18985	20	24T18985
18985	24	24T18985
18990	16	24T18990
18990	20	24T18990
18990	24	24T18990
18997	16	24T18997
18997	20	24T18997
18997	24	24T18997
19000	16	24T19000
19000	20	24T19000
19000	24	24T19000
19003	16	24T19003
19003	20	24T19003
19003	24	24T19003
19005	16	24T19005
19005	20	24T19005
19005	24	24T19005
19007	16	24T19007
19007	20	24T19007
19007	24	24T19007
19008	16	24T19008
19008	20	24T19008
19008	24	24T19008
19009	16	24T19009
19009	20	24T19009
19015	16	24T19015
19015	20	24T19015
19018	20	24T19018
19018	24	24T19018
19020	8	24T19020
19020	12	24T19020
19020	16	24T19020
19020	20	24T19020
19020	24	24T19020
19022	20	24T19022
19022	24	24T19022
19023	16	24T19023
19023	20	24T19023
19023	24	24T19023
19024	16	24T19024
19024	20	24T19024
19024	24	24T19024
19025	16	24T19025
19025	20	24T19025
19025	24	24T19025
19171	24	24T19171
19174	4	24T19174
19174	12	24T19174
19174	20	24T19174
19174	24	24T19174
19189	4	24T19189
19189	8	24T19189
19189	12	24T19189
19189	16	24T19189
19189	20	24T19189
19189	24	24T19189
19191	4	24T19191
19191	12	24T19191
19191	20	24T19191
19191	24	24T19191
19193	0	24T19193
19193	8	24T19193
19193	12	24T19193
19193	16	24T19193
19193	20	24T19193
19193	24	24T19193
19195	8	24T19195
19195	12	24T19195
19195	16	24T19195
19195	20	24T19195
19195	24	24T19195
19197	24	24T19197
19199	4	24T19199
19199	16	24T19199
19199	24	24T19199
19205	20	24T19205
19205	24	24T19205
19207	20	24T19207
19207	24	24T19207
19209	8	24T19209
19209	10	24T19209
19209	12	24T19209
19209	16	24T19209
19209	20	24T19209
19209	24	24T19209
19211	8	24T19211
19211	12	24T19211
19211	16	24T19211
19211	20	24T19211
19211	24	24T19211
19223	24	24T19223
19225	24	24T19225
19226	4	24T19226
19226	12	24T19226
19226	16	24T19226
19226	24	24T19226
19227	24	24T19227
19231	12	24T19231
19231	24	24T19231
19252	2	24T19252
19255	20	24T19255
19257	20	24T19257
19268	16	24T19268
19268	24	24T19268
19320	4	24T19320
19320	8	24T19320
19320	12	24T19320
19320	16	24T19320
19321	12	24T19321
19321	16	24T19321
19321	20	24T19321
19321	24	24T19321
19324	24	24T19324
19327	24	24T19327
19363	24	24T19363
19364	6	24T19364
19366	16	24T19366
19366	20	24T19366
19366	24	24T19366
19367	20	24T19367
19367	24	24T19367
19368	16	24T19368
19368	20	24T19368
19368	24	24T19368
19371	8	24T19371
19371	12	24T19371
19371	16	24T19371
19372	16	24T19372
19372	20	24T19372
19372	24	24T19372
19392	16	24T19392
19392	20	24T19392
19392	24	24T19392
19395	16	24T19395
19404	16	24T19404
19404	20	24T19404
19405	20	24T19405
19406	16	24T19406
19406	20	24T19406
19406	24	24T19406
19407	20	24T19407
19408	20	24T19408
19409	20	24T19409
19411	16	24T19411
19411	20	24T19411
19411	24	24T19411
19412	12	24T19412
19412	16	24T19412
19413	20	24T19413
19416	20	24T19416
19418	20	24T19418
19420	12	24T19420
19420	16	24T19420
19420	20	24T19420
19420	24	24T19420
19422	8	24T19422
19422	12	24T19422
19422	16	24T19422
19422	20	24T19422
19422	24	24T19422
19426	20	24T19426
19427	8	24T19427
19427	20	24T19427
19427	24	24T19427
19430	16	24T19430
19430	20	24T19430
19430	24	24T19430
19435	20	24T19435
19436	12	24T19436
19436	16	24T19436
19436	20	24T19436
19438	16	24T19438
19438	20	24T19438
19438	24	24T19438
19439	16	24T19439
19439	20	24T19439
19439	24	24T19439
19440	24	24T19440
19441	20	24T19441
19442	20	24T19442
19446	8	24T19446
19446	12	24T19446
19446	16	24T19446
19446	20	24T19446
19454	20	24T19454
19458	20	24T19458
19499	20	24T19499
19499	24	24T19499
19502	20	24T19502
19530	4	24T19530
19530	8	24T19530
19530	12	24T19530
19530	16	24T19530
19530	20	24T19530
19535	4	24T19535
19535	20	24T19535
19535	24	24T19535
19536	4	24T19536
19536	12	24T19536
19536	16	24T19536
19536	20	24T19536
19536	24	24T19536
19539	20	24T19539
19539	24	24T19539
19540	4	24T19540
19540	8	24T19540
19540	12	24T19540
19540	16	24T19540
19540	20	24T19540
19540	24	24T19540
19543	8	24T19543
19543	12	24T19543
19543	16	24T19543
19543	20	24T19543
19543	24	24T19543
19544	4	24T19544
19544	20	24T19544
19544	24	24T19544
19546	4	24T19546
19546	12	24T19546
19546	16	24T19546
19546	20	24T19546
19546	24	24T19546
19548	4	24T19548
19548	8	24T19548
19548	16	24T19548
19548	20	24T19548
19548	24	24T19548
19549	24	24T19549
19551	0	24T19551
19551	4	24T19551
19551	16	24T19551
19551	20	24T19551
19551	24	24T19551
19565	0	24T19565
19565	4	24T19565
19565	8	24T19565
19565	12	24T19565
19565	16	24T19565
19569	4	24T19569
19569	20	24T19569
19608	16	24T19608
19610	8	24T19610
19610	16	24T19610
19686	24	24T19686
19721	16	24T19721
19723	20	24T19723
19723	24	24T19723
19727	24	24T19727
19754	24	24T19754
19762	24	24T19762
19764	24	24T19764
19771	24	24T19771
19803	16	24T19803
19803	18	24T19803
19803	24	24T19803
19804	0	24T19804
19806	20	24T19806
19807	24	24T19807
19836	16	24T19836
19836	20	24T19836
19843	16	24T19843
19843	20	24T19843
19843	24	24T19843
19847	12	24T19847
19847	16	24T19847
19847	20	24T19847
19847	24	24T19847
19859	24	24T19859
19861	12	24T19861
19861	16	24T19861
19861	20	24T19861
19861	24	24T19861
19865	16	24T19865
19865	24	24T19865
19870	6	24T19870
19875	20	24T19875
19876	0	24T19876
19876	16	24T19876
19876	20	24T19876
19876	24	24T19876
19877	0	24T19877
19877	16	24T19877
19877	20	24T19877
19877	24	24T19877
19878	16	24T19878
19878	20	24T19878
19878	24	24T19878
19881	6	24T19881
19881	16	24T19881
19881	20	24T19881
19881	24	24T19881
19895	20	24T19895
19895	24	24T19895
19896	20	24T19896
19896	24	24T19896
19897	0	24T19897
19897	20	24T19897
19897	24	24T19897
19898	0	24T19898
19898	20	24T19898
19898	24	24T19898
19899	20	24T19899
19899	24	24T19899
19900	0	24T19900
19900	20	24T19900
19900	24	24T19900
19901	20	24T19901
19901	24	24T19901
19910	20	24T19910
19912	0	24T19912
19912	16	24T19912
19912	20	24T19912
19912	24	24T19912
19913	0	24T19913
19913	16	24T19913
19913	20	24T19913
19913	24	24T19913
19914	0	24T19914
19914	16	24T19914
19914	20	24T19914
19914	24	24T19914
19919	0	24T19919
19919	16	24T19919
19919	20	24T19919
19919	24	24T19919
19929	16	24T19929
19929	20	24T19929
19929	24	24T19929
19938	20	24T19938
19940	16	24T19940
19945	16	24T19945
19946	20	24T19946
19949	20	24T19949
19950	20	24T19950
19950	24	24T19950
19960	10	24T19960
19960	14	24T19960
19960	18	24T19960
19964	24	24T19964
19967	12	24T19967
19967	16	24T19967
19967	20	24T19967
19967	24	24T19967
19971	20	24T19971
19971	24	24T19971
19975	8	24T19975
19975	16	24T19975
19975	18	24T19975
19975	20	24T19975
19979	20	24T19979
19980	20	24T19980
19984	16	24T19984
19984	20	24T19984
19984	24	24T19984
19990	20	24T19990
19991	20	24T19991
19991	24	24T19991
19995	16	24T19995
19995	20	24T19995
19995	24	24T19995
19996	20	24T19996
19996	24	24T19996
19997	16	24T19997
19997	20	24T19997
19997	24	24T19997
19998	16	24T19998
19998	20	24T19998
20003	16	24T20003
20003	20	24T20003
20005	20	24T20005
20006	20	24T20006
20009	18	24T20009
20014	14	24T20014
20015	24	24T20015
20016	16	24T20016
20016	20	24T20016
20021	20	24T20021
20024	20	24T20024
20030	20	24T20030
20031	20	24T20031
20036	14	24T20036
20037	20	24T20037
20040	8	24T20040
20040	12	24T20040
20040	16	24T20040
20040	20	24T20040
20040	24	24T20040
20041	20	24T20041
20041	24	24T20041
20043	20	24T20043
20051	20	24T20051
20052	20	24T20052
20053	20	24T20053
20053	24	24T20053
20056	20	24T20056
20056	24	24T20056
20057	20	24T20057
20059	16	24T20059
20059	20	24T20059
20059	24	24T20059
20060	20	24T20060
20060	24	24T20060
20070	16	24T20070
20070	20	24T20070
20071	20	24T20071
20071	24	24T20071
20072	20	24T20072
20074	20	24T20074
20079	20	24T20079
20081	20	24T20081
20081	24	24T20081
20084	20	24T20084
20091	16	24T20091
20091	20	24T20091
20091	24	24T20091
20094	16	24T20094
20094	20	24T20094
20094	24	24T20094
20314	4	24T20314
20314	8	24T20314
20314	12	24T20314
20314	16	24T20314
20314	20	24T20314
20314	24	24T20314
20316	4	24T20316
20316	8	24T20316
20316	12	24T20316
20316	16	24T20316
20316	20	24T20316
20316	24	24T20316
20324	0	24T20324
20324	4	24T20324
20324	8	24T20324
20324	12	24T20324
20324	16	24T20324
20324	20	24T20324
20324	24	24T20324
20335	24	24T20335
20336	16	24T20336
20336	24	24T20336
20337	12	24T20337
20337	16	24T20337
20337	20	24T20337
20337	24	24T20337
20340	12	24T20340
20340	16	24T20340
20341	20	24T20341
20341	24	24T20341
20348	20	24T20348
20362	24	24T20362
20365	24	24T20365
20367	16	24T20367
20413	24	24T20413
20414	16	24T20414
20414	24	24T20414
20415	24	24T20415
20465	24	24T20465
20479	16	24T20479
20484	16	24T20484
20491	20	24T20491
20532	4	24T20532
20532	20	24T20532
20532	24	24T20532
20534	4	24T20534
20534	8	24T20534
20534	16	24T20534
20534	20	24T20534
20534	24	24T20534
20540	4	24T20540
20541	4	24T20541
20541	8	24T20541
20541	12	24T20541
20541	16	24T20541
20541	20	24T20541
20541	24	24T20541
20543	0	24T20543
20543	8	24T20543
20543	12	24T20543
20543	16	24T20543
20543	20	24T20543
20543	24	24T20543
20545	8	24T20545
20545	12	24T20545
20545	16	24T20545
20545	20	24T20545
20545	24	24T20545
20552	24	24T20552
20562	0	24T20562
20562	4	24T20562
20562	8	24T20562
20562	12	24T20562
20562	16	24T20562
20562	20	24T20562
20562	24	24T20562
20563	0	24T20563
20563	4	24T20563
20563	8	24T20563
20563	12	24T20563
20563	16	24T20563
20563	20	24T20563
20563	24	24T20563
20564	16	24T20564
20564	20	24T20564
20564	24	24T20564
20566	16	24T20566
20566	20	24T20566
20566	24	24T20566
20568	16	24T20568
20568	20	24T20568
20568	24	24T20568
20571	4	24T20571
20571	8	24T20571
20571	16	24T20571
20571	20	24T20571
20571	24	24T20571
20572	16	24T20572
20572	20	24T20572
20573	20	24T20573
20574	20	24T20574
20577	16	24T20577
20577	20	24T20577
20577	24	24T20577
20579	16	24T20579
20579	20	24T20579
20579	24	24T20579
20581	16	24T20581
20581	20	24T20581
20581	24	24T20581
20584	8	24T20584
20584	20	24T20584
20584	24	24T20584
20597	16	24T20597
20597	20	24T20597
20597	24	24T20597
20598	24	24T20598
20599	24	24T20599
20603	16	24T20603
20603	24	24T20603
20605	24	24T20605
20606	24	24T20606
20610	16	24T20610
20610	20	24T20610
20610	24	24T20610
20611	20	24T20611
20611	24	24T20611
20613	16	24T20613
20613	20	24T20613
20613	24	24T20613
20614	20	24T20614
20614	24	24T20614
20616	20	24T20616
20616	24	24T20616
20619	0	24T20619
20619	20	24T20619
20619	24	24T20619
20625	20	24T20625
20625	24	24T20625
20627	4	24T20627
20627	12	24T20627
20627	16	24T20627
20627	20	24T20627
20627	24	24T20627
20628	8	24T20628
20628	12	24T20628
20628	16	24T20628
20628	20	24T20628
20628	24	24T20628
20629	4	24T20629
20629	12	24T20629
20629	20	24T20629
20629	24	24T20629
20676	4	24T20676
20676	8	24T20676
20676	12	24T20676
20676	16	24T20676
20676	20	24T20676
20676	24	24T20676
20686	0	24T20686
20686	8	24T20686
20686	12	24T20686
20686	16	24T20686
20686	20	24T20686
20705	16	24T20705
20705	24	24T20705
20711	16	24T20711
20711	24	24T20711
20757	20	24T20757
20768	20	24T20768
20768	24	24T20768
20814	0	24T20814
20842	24	24T20842
20855	0	24T20855
20858	20	24T20858
20863	20	24T20863
20863	24	24T20863
20864	20	24T20864
20864	24	24T20864
20865	20	24T20865
20865	24	24T20865
20866	0	24T20866
20866	20	24T20866
20866	24	24T20866
20872	20	24T20872
20897	0	24T20897
20897	4	24T20897
20897	8	24T20897
20897	12	24T20897
20897	16	24T20897
20897	20	24T20897
20897	24	24T20897
20898	20	24T20898
20902	16	24T20902
20902	24	24T20902
20909	20	24T20909
20909	24	24T20909
20915	20	24T20915
20920	0	24T20920
20920	20	24T20920
20920	24	24T20920
20923	14	24T20923
20925	20	24T20925
20925	24	24T20925
20932	24	24T20932
20935	20	24T20935
20935	24	24T20935
20940	20	24T20940
20945	20	24T20945
20946	12	24T20946
20946	14	24T20946
20946	16	24T20946
20946	18	24T20946
20946	20	24T20946
20946	24	24T20946
20949	24	24T20949
20953	20	24T20953
20953	24	24T20953
20954	16	24T20954
20954	20	24T20954
20954	24	24T20954
20955	24	24T20955
20956	8	24T20956
20956	12	24T20956
20956	16	24T20956
20956	20	24T20956
20956	24	24T20956
20966	20	24T20966
20968	0	24T20968
20968	4	24T20968
20968	8	24T20968
20968	12	24T20968
20968	16	24T20968
20968	20	24T20968
20968	24	24T20968
20972	12	24T20972
20972	20	24T20972
20974	20	24T20974
20974	24	24T20974
20977	24	24T20977
20978	0	24T20978
20978	8	24T20978
20978	16	24T20978
20978	20	24T20978
20979	20	24T20979
20979	24	24T20979
20981	20	24T20981
20982	20	24T20982
20982	24	24T20982
21001	24	24T21001
21002	16	24T21002
21002	20	24T21002
21002	24	24T21002
21003	4	24T21003
21003	12	24T21003
21003	16	24T21003
21003	20	24T21003
21003	24	24T21003
21004	16	24T21004
21004	20	24T21004
21004	24	24T21004
21006	20	24T21006
21006	24	24T21006
21007	20	24T21007
21007	24	24T21007
21008	20	24T21008
21015	24	24T21015
21022	20	24T21022
21022	24	24T21022
21033	20	24T21033
21045	20	24T21045
21045	24	24T21045
21047	20	24T21047
21047	24	24T21047
21048	20	24T21048
21052	14	24T21052
21052	16	24T21052
21052	18	24T21052
21052	20	24T21052
21052	24	24T21052
21057	20	24T21057
21057	24	24T21057
21061	8	24T21061
21061	12	24T21061
21061	16	24T21061
21061	20	24T21061
21061	24	24T21061
21064	20	24T21064
21064	24	24T21064
21371	4	24T21371
21371	20	24T21371
21371	24	24T21371
21373	24	24T21373
21375	12	24T21375
21375	16	24T21375
21375	20	24T21375
21375	24	24T21375
21377	10	24T21377
21377	24	24T21377
21383	24	24T21383
21384	12	24T21384
21385	20	24T21385
21386	20	24T21386
21388	16	24T21388
21389	20	24T21389
21400	0	24T21400
21400	4	24T21400
21404	18	24T21404
21405	6	24T21405
21405	10	24T21405
21405	14	24T21405
21405	18	24T21405
21430	16	24T21430
21442	16	24T21442
21442	24	24T21442
21444	16	24T21444
21444	24	24T21444
21445	16	24T21445
21445	24	24T21445
21573	20	24T21573
21573	24	24T21573
21577	24	24T21577
21578	8	24T21578
21578	12	24T21578
21578	16	24T21578
21578	20	24T21578
21578	24	24T21578
21581	0	24T21581
21581	4	24T21581
21581	8	24T21581
21581	12	24T21581
21581	16	24T21581
21581	20	24T21581
21581	24	24T21581
21583	12	24T21583
21583	16	24T21583
21583	20	24T21583
21583	24	24T21583
21591	12	24T21591
21591	16	24T21591
21591	20	24T21591
21591	24	24T21591
21604	12	24T21604
21607	4	24T21607
21607	8	24T21607
21607	12	24T21607
21607	16	24T21607
21607	20	24T21607
21607	24	24T21607
21608	8	24T21608
21608	12	24T21608
21608	16	24T21608
21608	20	24T21608
21608	24	24T21608
21618	20	24T21618
21620	8	24T21620
21620	16	24T21620
21620	20	24T21620
21620	24	24T21620
21621	14	24T21621
21621	16	24T21621
21621	20	24T21621
21621	24	24T21621
21636	24	24T21636
21638	0	24T21638
21638	16	24T21638
21638	20	24T21638
21638	24	24T21638
21640	0	24T21640
21640	16	24T21640
21640	20	24T21640
21640	24	24T21640
21646	16	24T21646
21646	20	24T21646
21646	24	24T21646
21647	16	24T21647
21647	24	24T21647
21648	8	24T21648
21648	12	24T21648
21648	16	24T21648
21648	20	24T21648
21648	24	24T21648
21650	12	24T21650
21650	20	24T21650
21650	24	24T21650
21651	12	24T21651
21651	20	24T21651
21651	24	24T21651
21652	8	24T21652
21652	12	24T21652
21652	20	24T21652
21652	24	24T21652
21656	20	24T21656
21659	16	24T21659
21660	20	24T21660
21660	24	24T21660
21664	16	24T21664
21664	20	24T21664
21664	24	24T21664
21665	16	24T21665
21665	20	24T21665
21665	24	24T21665
21668	16	24T21668
21668	20	24T21668
21668	24	24T21668
21670	20	24T21670
21676	20	24T21676
21676	24	24T21676
21679	16	24T21679
21679	20	24T21679
21679	24	24T21679
21685	24	24T21685
21687	24	24T21687
21688	24	24T21688
21729	20	24T21729
21730	12	24T21730
21730	16	24T21730
21730	20	24T21730
21730	24	24T21730
21735	20	24T21735
21736	12	24T21736
21736	16	24T21736
21736	20	24T21736
21736	24	24T21736
21792	4	24T21792
21792	8	24T21792
21792	12	24T21792
21792	16	24T21792
21792	20	24T21792
21792	24	24T21792
21821	12	24T21821
21821	16	24T21821
21821	20	24T21821
21821	24	24T21821
21824	12	24T21824
21824	16	24T21824
21824	20	24T21824
21824	24	24T21824
21833	20	24T21833
21848	16	24T21848
21848	24	24T21848
21913	18	24T21913
21920	20	24T21920
21920	24	24T21920
21937	20	24T21937
21950	20	24T21950
21951	8	24T21951
21951	10	24T21951
21951	12	24T21951
21951	14	24T21951
21951	16	24T21951
21951	18	24T21951
21951	20	24T21951
21951	24	24T21951
21957	16	24T21957
21957	20	24T21957
21957	24	24T21957
21958	20	24T21958
21958	24	24T21958
21963	20	24T21963
22328	4	24T22328
22328	8	24T22328
22328	12	24T22328
22328	16	24T22328
22328	20	24T22328
22328	24	24T22328
22343	16	24T22343
22343	24	24T22343
22544	8	24T22544
22544	12	24T22544
22544	16	24T22544
22544	20	24T22544
22544	24	24T22544
22548	4	24T22548
22548	8	24T22548
22548	12	24T22548
22548	16	24T22548
22548	20	24T22548
22548	24	24T22548
22560	24	24T22560
22561	0	24T22561
22561	4	24T22561
22561	8	24T22561
22561	12	24T22561
22561	16	24T22561
22561	20	24T22561
22561	24	24T22561
22562	20	24T22562
22562	24	24T22562
22563	12	24T22563
22563	16	24T22563
22563	20	24T22563
22563	24	24T22563
22564	8	24T22564
22564	12	24T22564
22564	16	24T22564
22564	20	24T22564
22564	24	24T22564
22574	20	24T22574
22574	24	24T22574
22577	20	24T22577
22577	24	24T22577
22591	0	24T22591
22591	16	24T22591
22591	20	24T22591
22591	24	24T22591
22618	8	24T22618
22618	12	24T22618
22618	14	24T22618
22618	16	24T22618
22618	20	24T22618
22618	24	24T22618
22619	24	24T22619
22623	4	24T22623
22623	20	24T22623
22623	24	24T22623
22625	4	24T22625
22625	20	24T22625
22625	24	24T22625
22676	16	24T22676
22676	20	24T22676
22676	24	24T22676
22677	4	24T22677
22677	12	24T22677
22677	20	24T22677
22677	24	24T22677
22678	4	24T22678
22678	12	24T22678
22678	16	24T22678
22678	20	24T22678
22678	24	24T22678
22679	16	24T22679
22679	20	24T22679
22679	24	24T22679
22682	20	24T22682
22682	24	24T22682
22685	16	24T22685
22685	20	24T22685
22685	24	24T22685
22686	16	24T22686
22686	20	24T22686
22686	24	24T22686
22687	16	24T22687
22687	20	24T22687
22687	24	24T22687
22688	20	24T22688
22690	20	24T22690
22694	12	24T22694
22694	16	24T22694
22694	20	24T22694
22694	24	24T22694
22695	24	24T22695
22696	12	24T22696
22696	16	24T22696
22696	20	24T22696
22696	24	24T22696
22697	24	24T22697
22698	24	24T22698
22699	24	24T22699
22719	20	24T22719
22727	12	24T22727
22734	12	24T22734
22734	16	24T22734
22734	20	24T22734
22734	24	24T22734
22738	16	24T22738
22739	0	24T22739
22739	8	24T22739
22739	12	24T22739
22739	16	24T22739
22739	20	24T22739
22739	24	24T22739
22744	4	24T22744
22744	20	24T22744
22745	4	24T22745
22745	8	24T22745
22745	20	24T22745
22747	20	24T22747
22748	16	24T22748
22748	20	24T22748
22748	24	24T22748
22751	20	24T22751
22753	6	24T22753
22776	20	24T22776
22808	24	24T22808
23121	8	24T23121
23121	12	24T23121
23121	16	24T23121
23121	20	24T23121
23121	24	24T23121
23139	8	24T23139
23139	12	24T23139
23139	16	24T23139
23139	20	24T23139
23139	24	24T23139
23141	0	24T23141
23141	8	24T23141
23141	12	24T23141
23141	16	24T23141
23141	20	24T23141
23141	24	24T23141
23142	8	24T23142
23142	12	24T23142
23142	16	24T23142
23142	20	24T23142
23142	24	24T23142
23152	8	24T23152
23152	12	24T23152
23152	16	24T23152
23152	20	24T23152
23152	24	24T23152
23163	4	24T23163
23166	24	24T23166
23167	20	24T23167
23167	24	24T23167
23199	16	24T23199
23199	24	24T23199
23236	24	24T23236
23237	20	24T23237
23237	24	24T23237
23239	16	24T23239
23239	20	24T23239
23239	24	24T23239
23282	16	24T23282
23282	20	24T23282
23282	24	24T23282
23287	12	24T23287
23287	16	24T23287
23287	20	24T23287
23287	24	24T23287
23288	20	24T23288
23288	24	24T23288
23289	12	24T23289
23289	16	24T23289
23289	20	24T23289
23289	24	24T23289
23291	20	24T23291
23291	24	24T23291
23349	16	24T23349
23349	20	24T23349
23349	24	24T23349
23350	16	24T23350
23350	20	24T23350
23350	24	24T23350
23353	16	24T23353
23353	20	24T23353
23353	24	24T23353
23354	16	24T23354
23354	20	24T23354
23354	24	24T23354
23372	18	24T23372
23387	12	24T23387
23403	20	24T23403
23404	20	24T23404
23405	20	24T23405
23406	20	24T23406
23410	0	24T23410
23410	4	24T23410
23410	6	24T23410
23410	10	24T23410
23410	14	24T23410
23721	8	24T23721
23721	10	24T23721
23721	12	24T23721
23721	16	24T23721
23721	20	24T23721
23721	24	24T23721
23723	2	24T23723
23723	6	24T23723
23723	8	24T23723
23723	10	24T23723
23723	12	24T23723
23723	14	24T23723
23723	16	24T23723
23723	20	24T23723
23723	24	24T23723
23730	4	24T23730
23730	8	24T23730
23730	12	24T23730
23730	16	24T23730
23730	20	24T23730
23730	24	24T23730
23731	20	24T23731
23741	6	24T23741
23741	10	24T23741
23741	14	24T23741
23741	18	24T23741
23742	6	24T23742
23742	10	24T23742
23742	14	24T23742
23742	18	24T23742
23815	8	24T23815
23815	12	24T23815
23815	16	24T23815
23815	20	24T23815
23815	24	24T23815
23818	12	24T23818
23818	16	24T23818
23818	20	24T23818
23818	24	24T23818
23820	24	24T23820
23821	24	24T23821
23822	20	24T23822
23822	24	24T23822
23823	4	24T23823
23823	16	24T23823
23823	20	24T23823
23823	24	24T23823
23832	14	24T23832
23832	18	24T23832
23840	14	24T23840
23840	18	24T23840
23845	24	24T23845
23853	20	24T23853
23854	20	24T23854
23858	20	24T23858
23860	16	24T23860
23860	20	24T23860
23861	14	24T23861
23861	18	24T23861
23862	8	24T23862
23862	12	24T23862
23862	16	24T23862
23862	20	24T23862
23862	24	24T23862
23863	8	24T23863
23863	12	24T23863
23863	16	24T23863
23863	20	24T23863
23863	24	24T23863
23864	4	24T23864
23864	8	24T23864
23864	12	24T23864
23864	16	24T23864
23864	20	24T23864
23864	24	24T23864
23872	4	24T23872
23872	8	24T23872
23872	12	24T23872
23872	16	24T23872
23872	20	24T23872
23872	24	24T23872
23875	0	24T23875
23875	8	24T23875
23875	12	24T23875
23875	16	24T23875
23875	20	24T23875
23875	24	24T23875
23876	8	24T23876
23876	12	24T23876
23876	16	24T23876
23876	20	24T23876
23876	24	24T23876
23881	4	24T23881
23881	8	24T23881
23881	16	24T23881
23881	20	24T23881
23881	24	24T23881
24081	14	24T24081
24081	18	24T24081
24084	12	24T24084
24084	16	24T24084
24084	20	24T24084
24084	24	24T24084
24085	4	24T24085
24085	8	24T24085
24085	12	24T24085
24085	16	24T24085
24085	20	24T24085
24085	24	24T24085
24086	20	24T24086
24087	20	24T24087
24092	4	24T24092
24092	16	24T24092
24092	20	24T24092
24092	24	24T24092
24103	16	24T24103
24103	20	24T24103
24181	20	24T24181
24182	20	24T24182
24183	20	24T24183
24202	4	24T24202
24202	12	24T24202
24202	20	24T24202
24202	24	24T24202
24210	0	24T24210
24210	8	24T24210
24210	12	24T24210
24210	16	24T24210
24210	20	24T24210
24210	24	24T24210
24340	8	24T24340
24340	12	24T24340
24340	16	24T24340
24340	20	24T24340
24340	24	24T24340
24341	8	24T24341
24341	12	24T24341
24341	16	24T24341
24341	20	24T24341
24341	24	24T24341
24406	2	24T24406
24421	8	24T24421
24421	12	24T24421
24421	16	24T24421
24421	20	24T24421
24421	24	24T24421
24426	2	24T24426
24426	6	24T24426
24426	8	24T24426
24426	10	24T24426
24426	12	24T24426
24426	14	24T24426
24426	16	24T24426
24426	20	24T24426
24426	24	24T24426
24505	20	24T24505
24507	12	24T24507
24507	16	24T24507
24507	20	24T24507
24507	24	24T24507
24680	8	24T24680
24680	24	24T24680
